2013-01-25 00:00:00,46045.0
2013-01-26 00:00:00,53420.0
2013-01-27 00:00:00,53451.0
2013-01-28 00:00:00,52321.0
2013-01-29 00:00:00,53617.0
2013-01-30 00:00:00,45810.0
2013-01-31 00:00:00,46104.0
2013-02-01 00:00:00,56756.0
2013-02-02 00:00:00,58834.0
2013-02-03 00:00:00,56212.0
2013-02-04 00:00:00,57480.0
2013-02-05 00:00:00,53445.0
2013-02-06 00:00:00,44783.0
2013-02-07 00:00:00,58215.0
2013-02-08 00:00:00,65928.0
2013-02-09 00:00:00,50847.0
2013-02-10 00:00:00,57363.0
2013-02-11 00:00:00,58835.0
2013-02-12 00:00:00,58851.0
2013-02-13 00:00:00,57398.0
2013-02-14 00:00:00,53849.0
2013-02-15 00:00:00,57505.0
2013-02-16 00:00:00,51218.0
2013-02-17 00:00:00,50400.0
2013-02-18 00:00:00,46318.0
2013-02-19 00:00:00,55598.0
2013-02-20 00:00:00,57613.0
2013-02-21 00:00:00,58996.0
2013-02-22 00:00:00,58920.0
2013-02-23 00:00:00,59386.0
2013-02-24 00:00:00,57795.0
2013-02-25 00:00:00,65164.0
2013-02-26 00:00:00,62005.0
2013-02-27 00:00:00,62952.0
2013-02-28 00:00:00,60993.0
2013-03-01 00:00:00,65797.0
2013-03-02 00:00:00,60659.0
2013-03-03 00:00:00,49631.0
2013-03-04 00:00:00,64257.0
2013-03-05 00:00:00,56039.0
2013-03-06 00:00:00,66437.0
2013-03-07 00:00:00,62423.0
2013-03-08 00:00:00,64814.0
2013-03-09 00:00:00,47671.0
2013-03-10 00:00:00,71330.0
2013-03-11 00:00:00,67610.0
2013-03-12 00:00:00,44410.0
2013-03-13 00:00:00,56177.0
2013-03-14 00:00:00,58832.0
2013-03-15 00:00:00,60064.0
2013-03-16 00:00:00,43349.0
2013-03-17 00:00:00,34164.0
2013-03-18 00:00:00,39391.0
2013-03-19 00:00:00,48705.0
2013-03-20 00:00:00,42579.0
2013-03-21 00:00:00,53840.0
2013-03-22 00:00:00,60129.0
2013-03-23 00:00:00,58002.0
2013-03-24 00:00:00,49834.0
2013-03-25 00:00:00,51011.0
2013-03-26 00:00:00,47247.0
2013-03-27 00:00:00,51993.0
2013-03-28 00:00:00,57170.0
2013-03-29 00:00:00,66205.0
2013-03-30 00:00:00,59787.0
2013-03-31 00:00:00,44586.0
2013-04-01 00:00:00,52469.0
2013-04-02 00:00:00,60268.0
2013-04-03 00:00:00,65172.0
2013-04-04 00:00:00,69048.0
2013-04-05 00:00:00,56063.0
2013-04-06 00:00:00,57200.0
2013-04-07 00:00:00,58820.0
2013-04-08 00:00:00,63470.0
2013-04-09 00:00:00,61429.0
2013-04-10 00:00:00,68820.0
2013-04-11 00:00:00,67725.0
2013-04-12 00:00:00,60395.0
2013-04-13 00:00:00,55361.0
2013-04-14 00:00:00,53417.0
2013-04-15 00:00:00,55211.0
2013-04-16 00:00:00,65797.0
2013-04-17 00:00:00,56164.0
2013-04-18 00:00:00,52605.0
2013-04-19 00:00:00,57863.0
2013-04-20 00:00:00,48016.0
2013-04-21 00:00:00,45154.0
2013-04-22 00:00:00,46737.0
2013-04-23 00:00:00,57304.0
2013-04-24 00:00:00,67982.0
2013-04-25 00:00:00,61214.0
2013-04-26 00:00:00,56533.0
2013-04-27 00:00:00,48325.0
2013-04-28 00:00:00,40986.0
2013-04-29 00:00:00,50009.0
2013-04-30 00:00:00,48795.0
2013-05-01 00:00:00,50437.0
2013-05-02 00:00:00,57278.0
2013-05-03 00:00:00,55859.0
2013-05-04 00:00:00,48349.0
2013-05-05 00:00:00,49419.0
2013-05-06 00:00:00,51244.0
2013-05-07 00:00:00,59215.0
2013-05-08 00:00:00,47359.0
2013-05-09 00:00:00,66370.0
2013-05-10 00:00:00,67937.0
2013-05-11 00:00:00,70410.0
2013-05-12 00:00:00,69320.0
2013-05-13 00:00:00,62190.0
2013-05-14 00:00:00,63287.0
2013-05-15 00:00:00,66411.0
2013-05-16 00:00:00,60543.0
2013-05-17 00:00:00,60896.0
2013-05-18 00:00:00,51982.0
2013-05-19 00:00:00,47090.0
2013-05-20 00:00:00,50093.0
2013-05-21 00:00:00,54664.0
2013-05-22 00:00:00,53981.0
2013-05-23 00:00:00,54824.0
2013-05-24 00:00:00,55106.0
2013-05-25 00:00:00,55836.0
2013-05-26 00:00:00,39879.0
2013-05-27 00:00:00,52377.0
2013-05-28 00:00:00,55138.0
2013-05-29 00:00:00,54919.0
2013-05-30 00:00:00,57170.0
2013-05-31 00:00:00,57616.0
2013-06-01 00:00:00,52390.0
2013-06-02 00:00:00,51011.0
2013-06-03 00:00:00,52048.0
2013-06-04 00:00:00,60118.0
2013-06-05 00:00:00,54947.0
2013-06-06 00:00:00,55918.0
2013-06-07 00:00:00,54331.0
2013-06-08 00:00:00,47973.0
2013-06-09 00:00:00,46237.0
2013-06-10 00:00:00,42406.0
2013-06-11 00:00:00,51208.0
2013-06-12 00:00:00,46417.0
2013-06-13 00:00:00,43302.0
2013-06-14 00:00:00,48124.0
2013-06-15 00:00:00,41531.0
2013-06-16 00:00:00,40076.0
2013-06-17 00:00:00,43399.0
2013-06-18 00:00:00,47025.0
2013-06-19 00:00:00,46903.0
2013-06-20 00:00:00,49440.0
2013-06-21 00:00:00,52994.0
2013-06-22 00:00:00,42571.0
2013-06-23 00:00:00,40634.0
2013-06-24 00:00:00,40963.0
2013-06-25 00:00:00,45588.0
2013-06-26 00:00:00,45576.0
2013-06-27 00:00:00,46797.0
2013-06-28 00:00:00,48324.0
2013-06-29 00:00:00,38973.0
2013-06-30 00:00:00,32994.0
2013-07-01 00:00:00,34053.0
2013-07-02 00:00:00,43264.0
2013-07-03 00:00:00,35351.0
2013-07-04 00:00:00,34560.0
2013-07-05 00:00:00,36291.0
2013-07-06 00:00:00,36979.0
2013-07-07 00:00:00,28865.0
2013-07-08 00:00:00,36912.0
2013-07-09 00:00:00,41777.0
2013-07-10 00:00:00,39340.0
2013-07-11 00:00:00,41040.0
2013-07-12 00:00:00,50045.0
2013-07-13 00:00:00,40313.0
2013-07-14 00:00:00,34150.0
2013-07-15 00:00:00,36738.0
2013-07-16 00:00:00,38784.0
2013-07-17 00:00:00,39565.0
2013-07-18 00:00:00,41257.0
2013-07-19 00:00:00,38020.0
2013-07-20 00:00:00,33626.0
2013-07-21 00:00:00,36884.0
2013-07-22 00:00:00,37257.0
2013-07-23 00:00:00,39644.0
2013-07-24 00:00:00,39963.0
2013-07-25 00:00:00,42304.0
2013-07-26 00:00:00,41428.0
2013-07-27 00:00:00,35987.0
2013-07-28 00:00:00,33111.0
2013-07-29 00:00:00,44260.0
2013-07-30 00:00:00,39998.0
2013-07-31 00:00:00,51919.0
2013-08-01 00:00:00,45823.0
2013-08-02 00:00:00,53174.0
2013-08-03 00:00:00,49065.0
2013-08-04 00:00:00,44605.0
2013-08-05 00:00:00,47903.0
2013-08-06 00:00:00,52260.0
2013-08-07 00:00:00,57225.0
2013-08-08 00:00:00,57036.0
2013-08-09 00:00:00,53241.0
2013-08-10 00:00:00,52040.0
2013-08-11 00:00:00,41059.0
2013-08-12 00:00:00,45811.0
2013-08-13 00:00:00,53484.0
2013-08-14 00:00:00,50484.0
2013-08-15 00:00:00,59029.0
2013-08-16 00:00:00,68301.0
2013-08-17 00:00:00,59253.0
2013-08-18 00:00:00,53134.0
2013-08-19 00:00:00,69938.0
2013-08-20 00:00:00,66539.0
2013-08-21 00:00:00,63416.0
2013-08-22 00:00:00,62772.0
2013-08-23 00:00:00,59969.0
2013-08-24 00:00:00,51085.0
2013-08-25 00:00:00,45094.0
2013-08-26 00:00:00,53528.0
2013-08-27 00:00:00,61016.0
2013-08-28 00:00:00,63645.0
2013-08-29 00:00:00,61525.0
2013-08-30 00:00:00,60716.0
2013-08-31 00:00:00,52533.0
2013-09-01 00:00:00,45578.0
2013-09-02 00:00:00,50456.0
2013-09-03 00:00:00,50503.0
2013-09-04 00:00:00,51136.0
2013-09-05 00:00:00,60222.0
2013-09-06 00:00:00,63412.0
2013-09-07 00:00:00,54231.0
2013-09-08 00:00:00,46470.0
2013-09-09 00:00:00,54966.0
2013-09-10 00:00:00,53551.0
2013-09-11 00:00:00,49512.0
2013-09-12 00:00:00,50982.0
2013-09-13 00:00:00,48362.0
2013-09-14 00:00:00,47147.0
2013-09-15 00:00:00,46764.0
2013-09-16 00:00:00,50391.0
2013-09-17 00:00:00,66291.0
2013-09-18 00:00:00,64383.0
2013-09-19 00:00:00,59004.0
2013-09-20 00:00:00,58990.0
2013-09-21 00:00:00,53286.0
2013-09-22 00:00:00,52686.0
2013-09-23 00:00:00,60286.0
2013-09-24 00:00:00,63563.0
2013-09-25 00:00:00,58150.0
2013-09-26 00:00:00,54262.0
2013-09-27 00:00:00,50429.0
2013-09-28 00:00:00,44660.0
2013-09-29 00:00:00,41741.0
2013-09-30 00:00:00,42073.0
2013-10-01 00:00:00,55320.0
2013-10-02 00:00:00,60542.0
2013-10-03 00:00:00,61708.0
2013-10-04 00:00:00,54796.0
2013-10-05 00:00:00,47895.0
2013-10-06 00:00:00,44751.0
2013-10-07 00:00:00,43235.0
2013-10-08 00:00:00,42865.0
2013-10-09 00:00:00,46991.0
2013-10-10 00:00:00,57769.0
2013-10-11 00:00:00,54449.0
2013-10-12 00:00:00,49674.0
2013-10-13 00:00:00,51248.0
2013-10-14 00:00:00,55763.0
2013-10-15 00:00:00,57320.0
2013-10-16 00:00:00,51947.0
2013-10-17 00:00:00,45193.0
2013-10-18 00:00:00,60446.0
2013-10-19 00:00:00,54639.0
2013-10-20 00:00:00,49864.0
2013-10-21 00:00:00,58142.0
2013-10-22 00:00:00,64906.0
2013-10-23 00:00:00,54572.0
2013-10-24 00:00:00,63265.0
2013-10-25 00:00:00,59853.0
2013-10-26 00:00:00,49353.0
2013-10-27 00:00:00,44388.0
2013-10-28 00:00:00,48635.0
2013-10-29 00:00:00,51237.0
2013-10-30 00:00:00,47911.0
2013-10-31 00:00:00,56476.0
2013-11-01 00:00:00,48306.0
2013-11-02 00:00:00,41179.0
2013-11-03 00:00:00,35815.0
2013-11-04 00:00:00,42094.0
2013-11-05 00:00:00,51134.0
2013-11-06 00:00:00,55035.0
2013-11-07 00:00:00,58631.0
2013-11-08 00:00:00,59961.0
2013-11-09 00:00:00,57804.0
2013-11-10 00:00:00,57169.0
2013-11-11 00:00:00,54558.0
2013-11-12 00:00:00,58510.0
2013-11-13 00:00:00,63151.0
2013-11-14 00:00:00,70175.0
2013-11-15 00:00:00,62100.0
2013-11-16 00:00:00,51595.0
2013-11-17 00:00:00,48041.0
2013-11-18 00:00:00,73198.0
2013-11-19 00:00:00,93322.0
2013-11-20 00:00:00,77962.0
2013-11-21 00:00:00,71024.0
2013-11-22 00:00:00,76646.0
2013-11-23 00:00:00,75165.0
2013-11-24 00:00:00,60018.0
2013-11-25 00:00:00,71937.0
2013-11-26 00:00:00,80055.0
2013-11-27 00:00:00,91169.0
2013-11-28 00:00:00,102010.0
2013-11-29 00:00:00,90409.0
2013-11-30 00:00:00,80868.0
2013-12-01 00:00:00,67175.0
2013-12-02 00:00:00,74324.0
2013-12-03 00:00:00,78202.0
2013-12-04 00:00:00,79738.0
2013-12-05 00:00:00,84995.0
2013-12-06 00:00:00,71277.0
2013-12-07 00:00:00,75125.0
2013-12-08 00:00:00,49174.0
2013-12-09 00:00:00,57289.0
2013-12-10 00:00:00,67874.0
2013-12-11 00:00:00,68381.0
2013-12-12 00:00:00,59677.0
2013-12-13 00:00:00,59827.0
2013-12-14 00:00:00,55858.0
2013-12-15 00:00:00,51885.0
2013-12-16 00:00:00,63090.0
2013-12-17 00:00:00,71588.0
2013-12-18 00:00:00,81656.0
2013-12-19 00:00:00,68814.0
2013-12-20 00:00:00,69475.0
2013-12-21 00:00:00,59140.0
2013-12-22 00:00:00,51543.0
2013-12-23 00:00:00,52033.0
2013-12-24 00:00:00,56872.0
2013-12-25 00:00:00,57077.0
2013-12-26 00:00:00,48575.0
2013-12-27 00:00:00,55170.0
2013-12-28 00:00:00,47777.0
2013-12-29 00:00:00,49031.0
2013-12-30 00:00:00,56501.0
2013-12-31 00:00:00,52382.0
2014-01-01 00:00:00,41476.0
2014-01-02 00:00:00,48424.0
2014-01-03 00:00:00,63821.0
2014-01-04 00:00:00,53978.0
2014-01-05 00:00:00,55761.0
2014-01-06 00:00:00,67597.0
2014-01-07 00:00:00,62126.0
2014-01-08 00:00:00,62884.0
2014-01-09 00:00:00,58365.0
2014-01-10 00:00:00,56746.0
2014-01-11 00:00:00,56464.0
2014-01-12 00:00:00,49308.0
2014-01-13 00:00:00,54756.0
2014-01-14 00:00:00,55579.0
2014-01-15 00:00:00,60392.0
2014-01-16 00:00:00,57592.0
2014-01-17 00:00:00,58397.0
2014-01-18 00:00:00,53290.0
2014-01-19 00:00:00,49224.0
2014-01-20 00:00:00,58819.0
2014-01-21 00:00:00,71521.0
2014-01-22 00:00:00,66358.0
2014-01-23 00:00:00,63527.0
2014-01-24 00:00:00,67893.0
2014-01-25 00:00:00,55371.0
2014-01-26 00:00:00,51630.0
2014-01-27 00:00:00,60746.0
2014-01-28 00:00:00,65687.0
2014-01-29 00:00:00,61786.0
2014-01-30 00:00:00,60919.0
2014-01-31 00:00:00,61999.0
2014-02-01 00:00:00,56840.0
2014-02-02 00:00:00,50400.0
2014-02-03 00:00:00,58901.0
2014-02-04 00:00:00,65812.0
2014-02-05 00:00:00,67952.0
2014-02-06 00:00:00,69721.0
2014-02-07 00:00:00,71870.0
2014-02-08 00:00:00,64069.0
2014-02-09 00:00:00,59284.0
2014-02-10 00:00:00,67622.0
2014-02-11 00:00:00,62872.0
2014-02-12 00:00:00,62805.0
2014-02-13 00:00:00,66888.0
2014-02-14 00:00:00,76660.0
2014-02-15 00:00:00,64107.0
2014-02-16 00:00:00,56785.0
2014-02-17 00:00:00,57119.0
2014-02-18 00:00:00,68333.0
2014-02-19 00:00:00,66351.0
2014-02-20 00:00:00,71666.0
2014-02-21 00:00:00,73513.0
2014-02-22 00:00:00,59691.0
2014-02-23 00:00:00,58632.0
2014-02-24 00:00:00,68496.0
2014-02-25 00:00:00,84004.0
2014-02-26 00:00:00,71527.0
2014-02-27 00:00:00,71447.0
2014-02-28 00:00:00,71658.0
2014-03-01 00:00:00,63344.0
2014-03-02 00:00:00,59067.0
2014-03-03 00:00:00,72585.0
2014-03-04 00:00:00,85916.0
2014-03-05 00:00:00,74178.0
2014-03-06 00:00:00,71619.0
2014-03-07 00:00:00,69559.0
2014-03-08 00:00:00,71019.0
2014-03-09 00:00:00,61289.0
2014-03-10 00:00:00,66786.0
2014-03-11 00:00:00,76086.0
2014-03-12 00:00:00,76019.0
2014-03-13 00:00:00,75356.0
2014-03-14 00:00:00,68735.0
2014-03-15 00:00:00,65898.0
2014-03-16 00:00:00,58730.0
2014-03-17 00:00:00,64937.0
2014-03-18 00:00:00,57881.0
2014-03-19 00:00:00,67419.0
2014-03-20 00:00:00,72117.0
2014-03-21 00:00:00,73981.0
2014-03-22 00:00:00,69139.0
2014-03-23 00:00:00,56822.0
2014-03-24 00:00:00,67382.0
2014-03-25 00:00:00,72484.0
2014-03-26 00:00:00,69897.0
2014-03-27 00:00:00,70940.0
2014-03-28 00:00:00,69155.0
2014-03-29 00:00:00,54949.0
2014-03-30 00:00:00,55333.0
2014-03-31 00:00:00,63096.0
2014-04-01 00:00:00,64692.0
2014-04-02 00:00:00,66756.0
2014-04-03 00:00:00,67292.0
2014-04-04 00:00:00,65578.0
2014-04-05 00:00:00,59610.0
2014-04-06 00:00:00,47456.0
2014-04-07 00:00:00,62222.0
2014-04-08 00:00:00,70101.0
2014-04-09 00:00:00,64278.0
2014-04-10 00:00:00,69074.0
2014-04-11 00:00:00,66874.0
2014-04-12 00:00:00,51907.0
2014-04-13 00:00:00,49420.0
2014-04-14 00:00:00,64331.0
2014-04-15 00:00:00,74882.0
2014-04-16 00:00:00,68402.0
2014-04-17 00:00:00,67212.0
2014-04-18 00:00:00,56600.0
2014-04-19 00:00:00,56685.0
2014-04-20 00:00:00,49394.0
2014-04-21 00:00:00,57961.0
2014-04-22 00:00:00,73292.0
2014-04-23 00:00:00,72147.0
2014-04-24 00:00:00,67659.0
2014-04-25 00:00:00,78038.0
2014-04-26 00:00:00,58437.0
2014-04-27 00:00:00,50392.0
2014-04-28 00:00:00,62886.0
2014-04-29 00:00:00,64207.0
2014-04-30 00:00:00,63947.0
2014-05-01 00:00:00,60910.0
2014-05-02 00:00:00,60401.0
2014-05-03 00:00:00,56112.0
2014-05-04 00:00:00,51251.0
2014-05-05 00:00:00,63433.0
2014-05-06 00:00:00,76736.0
2014-05-07 00:00:00,70424.0
2014-05-08 00:00:00,68393.0
2014-05-09 00:00:00,67693.0
2014-05-10 00:00:00,59795.0
2014-05-11 00:00:00,51666.0
2014-05-12 00:00:00,70064.0
2014-05-13 00:00:00,70672.0
2014-05-14 00:00:00,70031.0
2014-05-15 00:00:00,72761.0
2014-05-16 00:00:00,68893.0
2014-05-17 00:00:00,55577.0
2014-05-18 00:00:00,50661.0
2014-05-19 00:00:00,60368.0
2014-05-20 00:00:00,69552.0
2014-05-21 00:00:00,71120.0
2014-05-22 00:00:00,71026.0
2014-05-23 00:00:00,74593.0
2014-05-24 00:00:00,58146.0
2014-05-25 00:00:00,53928.0
2014-05-26 00:00:00,65795.0
2014-05-27 00:00:00,67040.0
2014-05-28 00:00:00,72377.0
2014-05-29 00:00:00,65930.0
2014-05-30 00:00:00,66935.0
2014-05-31 00:00:00,55166.0
2014-06-01 00:00:00,52976.0
2014-06-02 00:00:00,61179.0
2014-06-03 00:00:00,69911.0
2014-06-04 00:00:00,66435.0
2014-06-05 00:00:00,66695.0
2014-06-06 00:00:00,64859.0
2014-06-07 00:00:00,53216.0
2014-06-08 00:00:00,47730.0
2014-06-09 00:00:00,56017.0
2014-06-10 00:00:00,65460.0
2014-06-11 00:00:00,61611.0
2014-06-12 00:00:00,61583.0
2014-06-13 00:00:00,65091.0
2014-06-14 00:00:00,58961.0
2014-06-15 00:00:00,53782.0
2014-06-16 00:00:00,65347.0
2014-06-17 00:00:00,67270.0
2014-06-18 00:00:00,66992.0
2014-06-19 00:00:00,62320.0
2014-06-20 00:00:00,59884.0
2014-06-21 00:00:00,51831.0
2014-06-22 00:00:00,50429.0
2014-06-23 00:00:00,56648.0
2014-06-24 00:00:00,64766.0
2014-06-25 00:00:00,63760.0
2014-06-26 00:00:00,62354.0
2014-06-27 00:00:00,62721.0
2014-06-28 00:00:00,56883.0
2014-06-29 00:00:00,52251.0
2014-06-30 00:00:00,62009.0
2014-07-01 00:00:00,71054.0
2014-07-02 00:00:00,67724.0
2014-07-03 00:00:00,63272.0
2014-07-04 00:00:00,61901.0
2014-07-05 00:00:00,48515.0
2014-07-06 00:00:00,53366.0
2014-07-07 00:00:00,59986.0
2014-07-08 00:00:00,70042.0
2014-07-09 00:00:00,70745.0
2014-07-10 00:00:00,64146.0
2014-07-11 00:00:00,59949.0
2014-07-12 00:00:00,54181.0
2014-07-13 00:00:00,53123.0
2014-07-14 00:00:00,59877.0
2014-07-15 00:00:00,69471.0
2014-07-16 00:00:00,67767.0
2014-07-17 00:00:00,68638.0
2014-07-18 00:00:00,62427.0
2014-07-19 00:00:00,58490.0
2014-07-20 00:00:00,54742.0
2014-07-21 00:00:00,61580.0
2014-07-22 00:00:00,66921.0
2014-07-23 00:00:00,68901.0
2014-07-24 00:00:00,64815.0
2014-07-25 00:00:00,63135.0
2014-07-26 00:00:00,57528.0
2014-07-27 00:00:00,53055.0
2014-07-28 00:00:00,59561.0
2014-07-29 00:00:00,64697.0
2014-07-30 00:00:00,64442.0
2014-07-31 00:00:00,67721.0
2014-08-01 00:00:00,69283.0
2014-08-02 00:00:00,59888.0
2014-08-03 00:00:00,52550.0
2014-08-04 00:00:00,63052.0
2014-08-05 00:00:00,72928.0
2014-08-06 00:00:00,78820.0
2014-08-07 00:00:00,70732.0
2014-08-08 00:00:00,69125.0
2014-08-09 00:00:00,62960.0
2014-08-10 00:00:00,58486.0
2014-08-11 00:00:00,70184.0
2014-08-12 00:00:00,78844.0
2014-08-13 00:00:00,75011.0
2014-08-14 00:00:00,81193.0
2014-08-15 00:00:00,69698.0
2014-08-16 00:00:00,75339.0
2014-08-17 00:00:00,59319.0
2014-08-18 00:00:00,67980.0
2014-08-19 00:00:00,75458.0
2014-08-20 00:00:00,73098.0
2014-08-21 00:00:00,75470.0
2014-08-22 00:00:00,68234.0
2014-08-23 00:00:00,60189.0
2014-08-24 00:00:00,55023.0
2014-08-25 00:00:00,66411.0
2014-08-26 00:00:00,73919.0
2014-08-27 00:00:00,74318.0
2014-08-28 00:00:00,69208.0
2014-08-29 00:00:00,67664.0
2014-08-30 00:00:00,63834.0
2014-08-31 00:00:00,59751.0
2014-09-01 00:00:00,66205.0
2014-09-02 00:00:00,71539.0
2014-09-03 00:00:00,72036.0
2014-09-04 00:00:00,70940.0
2014-09-05 00:00:00,67048.0
2014-09-06 00:00:00,67529.0
2014-09-07 00:00:00,59519.0
2014-09-08 00:00:00,71754.0
2014-09-09 00:00:00,79868.0
2014-09-10 00:00:00,76417.0
2014-09-11 00:00:00,67673.0
2014-09-12 00:00:00,66303.0
2014-09-13 00:00:00,62609.0
2014-09-14 00:00:00,66033.0
2014-09-15 00:00:00,74142.0
2014-09-16 00:00:00,89326.0
2014-09-17 00:00:00,79784.0
2014-09-18 00:00:00,79754.0
2014-09-19 00:00:00,71627.0
2014-09-20 00:00:00,62315.0
2014-09-21 00:00:00,63151.0
2014-09-22 00:00:00,68526.0
2014-09-23 00:00:00,71140.0
2014-09-24 00:00:00,81104.0
2014-09-25 00:00:00,77564.0
2014-09-26 00:00:00,73278.0
2014-09-27 00:00:00,66942.0
2014-09-28 00:00:00,62200.0
2014-09-29 00:00:00,73283.0
2014-09-30 00:00:00,78590.0
2014-10-01 00:00:00,78197.0
2014-10-02 00:00:00,74630.0
2014-10-03 00:00:00,72698.0
2014-10-04 00:00:00,70430.0
2014-10-05 00:00:00,66673.0
2014-10-06 00:00:00,75126.0
2014-10-07 00:00:00,78745.0
2014-10-08 00:00:00,80324.0
2014-10-09 00:00:00,78944.0
2014-10-10 00:00:00,84811.0
2014-10-11 00:00:00,65724.0
2014-10-12 00:00:00,63946.0
2014-10-13 00:00:00,75304.0
2014-10-14 00:00:00,81491.0
2014-10-15 00:00:00,77131.0
2014-10-16 00:00:00,74010.0
2014-10-17 00:00:00,71826.0
2014-10-18 00:00:00,69474.0
2014-10-19 00:00:00,62664.0
2014-10-20 00:00:00,78443.0
2014-10-21 00:00:00,81421.0
2014-10-22 00:00:00,79546.0
2014-10-23 00:00:00,79173.0
2014-10-24 00:00:00,81643.0
2014-10-25 00:00:00,73440.0
2014-10-26 00:00:00,70537.0
2014-10-27 00:00:00,80135.0
2014-10-28 00:00:00,88600.0
2014-10-29 00:00:00,90268.0
2014-10-30 00:00:00,93338.0
2014-10-31 00:00:00,88062.0
2014-11-01 00:00:00,74548.0
2014-11-02 00:00:00,75827.0
2014-11-03 00:00:00,84522.0
2014-11-04 00:00:00,90386.0
2014-11-05 00:00:00,89249.0
2014-11-06 00:00:00,90341.0
2014-11-07 00:00:00,89542.0
2014-11-08 00:00:00,75950.0
2014-11-09 00:00:00,72217.0
2014-11-10 00:00:00,84819.0
2014-11-11 00:00:00,87338.0
2014-11-12 00:00:00,87769.0
2014-11-13 00:00:00,100117.0
2014-11-14 00:00:00,88631.0
2014-11-15 00:00:00,74831.0
2014-11-16 00:00:00,73338.0
2014-11-17 00:00:00,85201.0
2014-11-18 00:00:00,87524.0
2014-11-19 00:00:00,87321.0
2014-11-20 00:00:00,85497.0
2014-11-21 00:00:00,86577.0
2014-11-22 00:00:00,77832.0
2014-11-23 00:00:00,75041.0
2014-11-24 00:00:00,83797.0
2014-11-25 00:00:00,82813.0
2014-11-26 00:00:00,90019.0
2014-11-27 00:00:00,82979.0
2014-11-28 00:00:00,85987.0
2014-11-29 00:00:00,81452.0
2014-11-30 00:00:00,80934.0
2014-12-01 00:00:00,95220.0
2014-12-02 00:00:00,100786.0
2014-12-03 00:00:00,97296.0
2014-12-04 00:00:00,100829.0
2014-12-05 00:00:00,92900.0
2014-12-06 00:00:00,83633.0
2014-12-07 00:00:00,77357.0
2014-12-08 00:00:00,84498.0
2014-12-09 00:00:00,89587.0
2014-12-10 00:00:00,90695.0
2014-12-11 00:00:00,85829.0
2014-12-12 00:00:00,80103.0
2014-12-13 00:00:00,79512.0
2014-12-14 00:00:00,73926.0
2014-12-15 00:00:00,95727.0
2014-12-16 00:00:00,98790.0
2014-12-17 00:00:00,93704.0
2014-12-18 00:00:00,103161.0
2014-12-19 00:00:00,92052.0
2014-12-20 00:00:00,91493.0
2014-12-21 00:00:00,80829.0
2014-12-22 00:00:00,89437.0
2014-12-23 00:00:00,99770.0
2014-12-24 00:00:00,89515.0
2014-12-25 00:00:00,70684.0
2014-12-26 00:00:00,71700.0
2014-12-27 00:00:00,78776.0
2014-12-28 00:00:00,74773.0
2014-12-29 00:00:00,79812.0
2014-12-30 00:00:00,85247.0
2014-12-31 00:00:00,83768.0
2015-01-01 00:00:00,58963.0
2015-01-02 00:00:00,72234.0
2015-01-03 00:00:00,82832.0
2015-01-04 00:00:00,85570.0
2015-01-05 00:00:00,93753.0
2015-01-06 00:00:00,87160.0
2015-01-07 00:00:00,92912.0
2015-01-08 00:00:00,99126.0
2015-01-09 00:00:00,105211.0
2015-01-10 00:00:00,105895.0
2015-01-11 00:00:00,93957.0
2015-01-12 00:00:00,98185.0
2015-01-13 00:00:00,99090.0
2015-01-14 00:00:00,104481.0
2015-01-15 00:00:00,115787.0
2015-01-16 00:00:00,112530.0
2015-01-17 00:00:00,89839.0
2015-01-18 00:00:00,87047.0
2015-01-19 00:00:00,94096.0
2015-01-20 00:00:00,98890.0
2015-01-21 00:00:00,100251.0
2015-01-22 00:00:00,94979.0
2015-01-23 00:00:00,87217.0
2015-01-24 00:00:00,89630.0
2015-01-25 00:00:00,82358.0
2015-01-26 00:00:00,105423.0
2015-01-27 00:00:00,99035.0
2015-01-28 00:00:00,89287.0
2015-01-29 00:00:00,88519.0
2015-01-30 00:00:00,86360.0
2015-01-31 00:00:00,83762.0
2015-02-01 00:00:00,79193.0
2015-02-02 00:00:00,83230.0
2015-02-03 00:00:00,93499.0
2015-02-04 00:00:00,89353.0
2015-02-05 00:00:00,90028.0
2015-02-06 00:00:00,83440.0
2015-02-07 00:00:00,86207.0
2015-02-08 00:00:00,82716.0
2015-02-09 00:00:00,95860.0
2015-02-10 00:00:00,103551.0
2015-02-11 00:00:00,98701.0
2015-02-12 00:00:00,93868.0
2015-02-13 00:00:00,107390.0
2015-02-14 00:00:00,107004.0
2015-02-15 00:00:00,85355.0
2015-02-16 00:00:00,103339.0
2015-02-17 00:00:00,98899.0
2015-02-18 00:00:00,104555.0
2015-02-19 00:00:00,96005.0
2015-02-20 00:00:00,96709.0
2015-02-21 00:00:00,92541.0
2015-02-22 00:00:00,86028.0
2015-02-23 00:00:00,96936.0
2015-02-24 00:00:00,104463.0
2015-02-25 00:00:00,104785.0
2015-02-26 00:00:00,101348.0
2015-02-27 00:00:00,103395.0
2015-02-28 00:00:00,90259.0
2015-03-01 00:00:00,86274.0
2015-03-02 00:00:00,102935.0
2015-03-03 00:00:00,109142.0
2015-03-04 00:00:00,104846.0
2015-03-05 00:00:00,96611.0
2015-03-06 00:00:00,96367.0
2015-03-07 00:00:00,94270.0
2015-03-08 00:00:00,86526.0
2015-03-09 00:00:00,96449.0
2015-03-10 00:00:00,112347.0
2015-03-11 00:00:00,102856.0
2015-03-12 00:00:00,97654.0
2015-03-13 00:00:00,96745.0
2015-03-14 00:00:00,88828.0
2015-03-15 00:00:00,84477.0
2015-03-16 00:00:00,97794.0
2015-03-17 00:00:00,104238.0
2015-03-18 00:00:00,102985.0
2015-03-19 00:00:00,102414.0
2015-03-20 00:00:00,103109.0
2015-03-21 00:00:00,100458.0
2015-03-22 00:00:00,84331.0
2015-03-23 00:00:00,106330.0
2015-03-24 00:00:00,96397.0
2015-03-25 00:00:00,93930.0
2015-03-26 00:00:00,98391.0
2015-03-27 00:00:00,106302.0
2015-03-28 00:00:00,90053.0
2015-03-29 00:00:00,87456.0
2015-03-30 00:00:00,102105.0
2015-03-31 00:00:00,105294.0
2015-04-01 00:00:00,126590.0
2015-04-02 00:00:00,115686.0
2015-04-03 00:00:00,103760.0
2015-04-04 00:00:00,94152.0
2015-04-05 00:00:00,94048.0
2015-04-06 00:00:00,100949.0
2015-04-07 00:00:00,111786.0
2015-04-08 00:00:00,108047.0
2015-04-09 00:00:00,117822.0
2015-04-10 00:00:00,114091.0
2015-04-11 00:00:00,103454.0
2015-04-12 00:00:00,88884.0
2015-04-13 00:00:00,105282.0
2015-04-14 00:00:00,113372.0
2015-04-15 00:00:00,105461.0
2015-04-16 00:00:00,104063.0
2015-04-17 00:00:00,102089.0
2015-04-18 00:00:00,100484.0
2015-04-19 00:00:00,86313.0
2015-04-20 00:00:00,115128.0
2015-04-21 00:00:00,114061.0
2015-04-22 00:00:00,113657.0
2015-04-23 00:00:00,107241.0
2015-04-24 00:00:00,110568.0
2015-04-25 00:00:00,100790.0
2015-04-26 00:00:00,93761.0
2015-04-27 00:00:00,109382.0
2015-04-28 00:00:00,112434.0
2015-04-29 00:00:00,116989.0
2015-04-30 00:00:00,114070.0
2015-05-01 00:00:00,105236.0
2015-05-02 00:00:00,96416.0
2015-05-03 00:00:00,86037.0
2015-05-04 00:00:00,94120.0
2015-05-05 00:00:00,114171.0
2015-05-06 00:00:00,113496.0
2015-05-07 00:00:00,113420.0
2015-05-08 00:00:00,108365.0
2015-05-09 00:00:00,98717.0
2015-05-10 00:00:00,90054.0
2015-05-11 00:00:00,102966.0
2015-05-12 00:00:00,114424.0
2015-05-13 00:00:00,108615.0
2015-05-14 00:00:00,101228.0
2015-05-15 00:00:00,107882.0
2015-05-16 00:00:00,93025.0
2015-05-17 00:00:00,85578.0
2015-05-18 00:00:00,97915.0
2015-05-19 00:00:00,106503.0
2015-05-20 00:00:00,107683.0
2015-05-21 00:00:00,99962.0
2015-05-22 00:00:00,100591.0
2015-05-23 00:00:00,92674.0
2015-05-24 00:00:00,87996.0
2015-05-25 00:00:00,105519.0
2015-05-26 00:00:00,106971.0
2015-05-27 00:00:00,108558.0
2015-05-28 00:00:00,109786.0
2015-05-29 00:00:00,123148.0
2015-05-30 00:00:00,132907.0
2015-05-31 00:00:00,96037.0
2015-06-01 00:00:00,116959.0
2015-06-02 00:00:00,133489.0
2015-06-03 00:00:00,125399.0
2015-06-04 00:00:00,123893.0
2015-06-05 00:00:00,109700.0
2015-06-06 00:00:00,102005.0
2015-06-07 00:00:00,88440.0
2015-06-08 00:00:00,94037.0
2015-06-09 00:00:00,115633.0
2015-06-10 00:00:00,133064.0
2015-06-11 00:00:00,125147.0
2015-06-12 00:00:00,125022.0
2015-06-13 00:00:00,112813.0
2015-06-14 00:00:00,100512.0
2015-06-15 00:00:00,122279.0
2015-06-16 00:00:00,124094.0
2015-06-17 00:00:00,133747.0
2015-06-18 00:00:00,122001.0
2015-06-19 00:00:00,125430.0
2015-06-20 00:00:00,114779.0
2015-06-21 00:00:00,91203.0
2015-06-22 00:00:00,111788.0
2015-06-23 00:00:00,128795.0
2015-06-24 00:00:00,114471.0
2015-06-25 00:00:00,113329.0
2015-06-26 00:00:00,115640.0
2015-06-27 00:00:00,108876.0
2015-06-28 00:00:00,97690.0
2015-06-29 00:00:00,117119.0
2015-06-30 00:00:00,149003.0
2015-07-01 00:00:00,150917.0
2015-07-02 00:00:00,135567.0
2015-07-03 00:00:00,138811.0
2015-07-04 00:00:00,114310.0
2015-07-05 00:00:00,101714.0
2015-07-06 00:00:00,151741.0
2015-07-07 00:00:00,201921.0
2015-07-08 00:00:00,200420.0
2015-07-09 00:00:00,187202.0
2015-07-10 00:00:00,214487.0
2015-07-11 00:00:00,171652.0
2015-07-12 00:00:00,204729.0
2015-07-13 00:00:00,176542.0
2015-07-14 00:00:00,119707.0
2015-07-15 00:00:00,122340.0
2015-07-16 00:00:00,113812.0
2015-07-17 00:00:00,118048.0
2015-07-18 00:00:00,120617.0
2015-07-19 00:00:00,134643.0
2015-07-20 00:00:00,112440.0
2015-07-21 00:00:00,123367.0
2015-07-22 00:00:00,147520.0
2015-07-23 00:00:00,111582.0
2015-07-24 00:00:00,109852.0
2015-07-25 00:00:00,106038.0
2015-07-26 00:00:00,89650.0
2015-07-27 00:00:00,111331.0
2015-07-28 00:00:00,117412.0
2015-07-29 00:00:00,136195.0
2015-07-30 00:00:00,133697.0
2015-07-31 00:00:00,133640.0
2015-08-01 00:00:00,163175.0
2015-08-02 00:00:00,98976.0
2015-08-03 00:00:00,118560.0
2015-08-04 00:00:00,132719.0
2015-08-05 00:00:00,130246.0
2015-08-06 00:00:00,132494.0
2015-08-07 00:00:00,124658.0
2015-08-08 00:00:00,104420.0
2015-08-09 00:00:00,88425.0
2015-08-10 00:00:00,110686.0
2015-08-11 00:00:00,116923.0
2015-08-12 00:00:00,115754.0
2015-08-13 00:00:00,118336.0
2015-08-14 00:00:00,107950.0
2015-08-15 00:00:00,106119.0
2015-08-16 00:00:00,86583.0
2015-08-17 00:00:00,108249.0
2015-08-18 00:00:00,120131.0
2015-08-19 00:00:00,122864.0
2015-08-20 00:00:00,116834.0
2015-08-21 00:00:00,116311.0
2015-08-22 00:00:00,107795.0
2015-08-23 00:00:00,93783.0
2015-08-24 00:00:00,117026.0
2015-08-25 00:00:00,125060.0
2015-08-26 00:00:00,125549.0
2015-08-27 00:00:00,116334.0
2015-08-28 00:00:00,121692.0
2015-08-29 00:00:00,113722.0
2015-08-30 00:00:00,92338.0
2015-08-31 00:00:00,117985.0
2015-09-01 00:00:00,140970.0
2015-09-02 00:00:00,137743.0
2015-09-03 00:00:00,137446.0
2015-09-04 00:00:00,95408.0
2015-09-05 00:00:00,137427.0
2015-09-06 00:00:00,106101.0
2015-09-07 00:00:00,119041.0
2015-09-08 00:00:00,126751.0
2015-09-09 00:00:00,128619.0
2015-09-10 00:00:00,122783.0
2015-09-11 00:00:00,165288.0
2015-09-12 00:00:00,153538.0
2015-09-13 00:00:00,139320.0
2015-09-14 00:00:00,163531.0
2015-09-15 00:00:00,165993.0
2015-09-16 00:00:00,169059.0
2015-09-17 00:00:00,241346.0
2015-09-18 00:00:00,188330.0
2015-09-19 00:00:00,117999.0
2015-09-20 00:00:00,105933.0
2015-09-21 00:00:00,124667.0
2015-09-22 00:00:00,136822.0
2015-09-23 00:00:00,134964.0
2015-09-24 00:00:00,124822.0
2015-09-25 00:00:00,130740.0
2015-09-26 00:00:00,119594.0
2015-09-27 00:00:00,107256.0
2015-09-28 00:00:00,130885.0
2015-09-29 00:00:00,139440.0
2015-09-30 00:00:00,141351.0
2015-10-01 00:00:00,135885.0
2015-10-02 00:00:00,135941.0
2015-10-03 00:00:00,132880.0
2015-10-04 00:00:00,100858.0
2015-10-05 00:00:00,117528.0
2015-10-06 00:00:00,142346.0
2015-10-07 00:00:00,139516.0
2015-10-08 00:00:00,139590.0
2015-10-09 00:00:00,119490.0
2015-10-10 00:00:00,128618.0
2015-10-11 00:00:00,105878.0
2015-10-12 00:00:00,126927.0
2015-10-13 00:00:00,133757.0
2015-10-14 00:00:00,136259.0
2015-10-15 00:00:00,157228.0
2015-10-16 00:00:00,143885.0
2015-10-17 00:00:00,139308.0
2015-10-18 00:00:00,120858.0
2015-10-19 00:00:00,136583.0
2015-10-20 00:00:00,138080.0
2015-10-21 00:00:00,161031.0
2015-10-22 00:00:00,149891.0
2015-10-23 00:00:00,146222.0
2015-10-24 00:00:00,140827.0
2015-10-25 00:00:00,128209.0
2015-10-26 00:00:00,126041.0
2015-10-27 00:00:00,141609.0
2015-10-28 00:00:00,154774.0
2015-10-29 00:00:00,165622.0
2015-10-30 00:00:00,164938.0
2015-10-31 00:00:00,155292.0
2015-11-01 00:00:00,156648.0
2015-11-02 00:00:00,159656.0
2015-11-03 00:00:00,178027.0
2015-11-04 00:00:00,211121.0
2015-11-05 00:00:00,189326.0
2015-11-06 00:00:00,165214.0
2015-11-07 00:00:00,161595.0
2015-11-08 00:00:00,134785.0
2015-11-09 00:00:00,152795.0
2015-11-10 00:00:00,154030.0
2015-11-11 00:00:00,171159.0
2015-11-12 00:00:00,154219.0
2015-11-13 00:00:00,156988.0
2015-11-14 00:00:00,156065.0
2015-11-15 00:00:00,138467.0
2015-11-16 00:00:00,150942.0
2015-11-17 00:00:00,158254.0
2015-11-18 00:00:00,168587.0
2015-11-19 00:00:00,154561.0
2015-11-20 00:00:00,155128.0
2015-11-21 00:00:00,158852.0
2015-11-22 00:00:00,126564.0
2015-11-23 00:00:00,142698.0
2015-11-24 00:00:00,150056.0
2015-11-25 00:00:00,152463.0
2015-11-26 00:00:00,164730.0
2015-11-27 00:00:00,156739.0
2015-11-28 00:00:00,171602.0
2015-11-29 00:00:00,130758.0
2015-11-30 00:00:00,172183.0
2015-12-01 00:00:00,184404.0
2015-12-02 00:00:00,177277.0
2015-12-03 00:00:00,170317.0
2015-12-04 00:00:00,160944.0
2015-12-05 00:00:00,200213.0
2015-12-06 00:00:00,179777.0
2015-12-07 00:00:00,185788.0
2015-12-08 00:00:00,192097.0
2015-12-09 00:00:00,222503.0
2015-12-10 00:00:00,211452.0
2015-12-11 00:00:00,211198.0
2015-12-12 00:00:00,211456.0
2015-12-13 00:00:00,186151.0
2015-12-14 00:00:00,221499.0
2015-12-15 00:00:00,227706.0
2015-12-16 00:00:00,222531.0
2015-12-17 00:00:00,219600.0
2015-12-18 00:00:00,214387.0
2015-12-19 00:00:00,216944.0
2015-12-20 00:00:00,191441.0
2015-12-21 00:00:00,222112.0
2015-12-22 00:00:00,223130.0
2015-12-23 00:00:00,221289.0
2015-12-24 00:00:00,227189.0
2015-12-25 00:00:00,184124.0
2015-12-26 00:00:00,170904.0
2015-12-27 00:00:00,156554.0
2015-12-28 00:00:00,166837.0
2015-12-29 00:00:00,187040.0
2015-12-30 00:00:00,181836.0
2015-12-31 00:00:00,164132.0
2016-01-01 00:00:00,123623.0
2016-01-02 00:00:00,142904.0
2016-01-03 00:00:00,141064.0
2016-01-04 00:00:00,170176.0
2016-01-05 00:00:00,187012.0
2016-01-06 00:00:00,177478.0
2016-01-07 00:00:00,177873.0
2016-01-08 00:00:00,190001.0
2016-01-09 00:00:00,178374.0
2016-01-10 00:00:00,164687.0
2016-01-11 00:00:00,179771.0
2016-01-12 00:00:00,196656.0
2016-01-13 00:00:00,191628.0
2016-01-14 00:00:00,183390.0
2016-01-15 00:00:00,185105.0
2016-01-16 00:00:00,190301.0
2016-01-17 00:00:00,192731.0
2016-01-18 00:00:00,213934.0
2016-01-19 00:00:00,205735.0
2016-01-20 00:00:00,196033.0
2016-01-21 00:00:00,210240.0
2016-01-22 00:00:00,226106.0
2016-01-23 00:00:00,200913.0
2016-01-24 00:00:00,193572.0
2016-01-25 00:00:00,210592.0
2016-01-26 00:00:00,236175.0
2016-01-27 00:00:00,226385.0
2016-01-28 00:00:00,231454.0
2016-01-29 00:00:00,222622.0
2016-01-30 00:00:00,209984.0
2016-01-31 00:00:00,168625.0
2016-02-01 00:00:00,221764.0
2016-02-02 00:00:00,231998.0
2016-02-03 00:00:00,200087.0
2016-02-04 00:00:00,201065.0
2016-02-05 00:00:00,215910.0
2016-02-06 00:00:00,232752.0
2016-02-07 00:00:00,212134.0
2016-02-08 00:00:00,220559.0
2016-02-09 00:00:00,230799.0
2016-02-10 00:00:00,233941.0
2016-02-11 00:00:00,227463.0
2016-02-12 00:00:00,202906.0
2016-02-13 00:00:00,190560.0
2016-02-14 00:00:00,188927.0
2016-02-15 00:00:00,207397.0
2016-02-16 00:00:00,218780.0
2016-02-17 00:00:00,227403.0
2016-02-18 00:00:00,212765.0
2016-02-19 00:00:00,215552.0
2016-02-20 00:00:00,225259.0
2016-02-21 00:00:00,209276.0
2016-02-22 00:00:00,224964.0
2016-02-23 00:00:00,246578.0
2016-02-24 00:00:00,225112.0
2016-02-25 00:00:00,218699.0
2016-02-26 00:00:00,209880.0
2016-02-27 00:00:00,182423.0
2016-02-28 00:00:00,224697.0
2016-02-29 00:00:00,265695.0
2016-03-01 00:00:00,260619.0
2016-03-02 00:00:00,276448.0
2016-03-03 00:00:00,221257.0
2016-03-04 00:00:00,212104.0
2016-03-05 00:00:00,238117.0
2016-03-06 00:00:00,171486.0
2016-03-07 00:00:00,183530.0
2016-03-08 00:00:00,193929.0
2016-03-09 00:00:00,187623.0
2016-03-10 00:00:00,192611.0
2016-03-11 00:00:00,193874.0
2016-03-12 00:00:00,175428.0
2016-03-13 00:00:00,141116.0
2016-03-14 00:00:00,187401.0
2016-03-15 00:00:00,197677.0
2016-03-16 00:00:00,215973.0
2016-03-17 00:00:00,206973.0
2016-03-18 00:00:00,203578.0
2016-03-19 00:00:00,188863.0
2016-03-20 00:00:00,175963.0
2016-03-21 00:00:00,189228.0
2016-03-22 00:00:00,210488.0
2016-03-23 00:00:00,187877.0
2016-03-24 00:00:00,194985.0
2016-03-25 00:00:00,173609.0
2016-03-26 00:00:00,162398.0
2016-03-27 00:00:00,161486.0
2016-03-28 00:00:00,181300.0
2016-03-29 00:00:00,191841.0
2016-03-30 00:00:00,207906.0
2016-03-31 00:00:00,208976.0
2016-04-01 00:00:00,203811.0
2016-04-02 00:00:00,196651.0
2016-04-03 00:00:00,176722.0
2016-04-04 00:00:00,200979.0
2016-04-05 00:00:00,216684.0
2016-04-06 00:00:00,218585.0
2016-04-07 00:00:00,219915.0
2016-04-08 00:00:00,215441.0
2016-04-09 00:00:00,207555.0
2016-04-10 00:00:00,181662.0
2016-04-11 00:00:00,217378.0
2016-04-12 00:00:00,240200.0
2016-04-13 00:00:00,222711.0
2016-04-14 00:00:00,230281.0
2016-04-15 00:00:00,216850.0
2016-04-16 00:00:00,192621.0
2016-04-17 00:00:00,191478.0
2016-04-18 00:00:00,203165.0
2016-04-19 00:00:00,227795.0
2016-04-20 00:00:00,216780.0
2016-04-21 00:00:00,212795.0
2016-04-22 00:00:00,210976.0
2016-04-23 00:00:00,185216.0
2016-04-24 00:00:00,183155.0
2016-04-25 00:00:00,217564.0
2016-04-26 00:00:00,250744.0
2016-04-27 00:00:00,239435.0
2016-04-28 00:00:00,247958.0
2016-04-29 00:00:00,261884.0
2016-04-30 00:00:00,215712.0
2016-05-01 00:00:00,191430.0
2016-05-02 00:00:00,223785.0
2016-05-03 00:00:00,235609.0
2016-05-04 00:00:00,233693.0
2016-05-05 00:00:00,229580.0
2016-05-06 00:00:00,233232.0
2016-05-07 00:00:00,202062.0
2016-05-08 00:00:00,185562.0
2016-05-09 00:00:00,226451.0
2016-05-10 00:00:00,245721.0
2016-05-11 00:00:00,234412.0
2016-05-12 00:00:00,228409.0
2016-05-13 00:00:00,232146.0
2016-05-14 00:00:00,211280.0
2016-05-15 00:00:00,200171.0
2016-05-16 00:00:00,239809.0
2016-05-17 00:00:00,238626.0
2016-05-18 00:00:00,235084.0
2016-05-19 00:00:00,219146.0
2016-05-20 00:00:00,209396.0
2016-05-21 00:00:00,191461.0
2016-05-22 00:00:00,184348.0
2016-05-23 00:00:00,222755.0
2016-05-24 00:00:00,246517.0
2016-05-25 00:00:00,247844.0
2016-05-26 00:00:00,220093.0
2016-05-27 00:00:00,215296.0
2016-05-28 00:00:00,193054.0
2016-05-29 00:00:00,178742.0
2016-05-30 00:00:00,211369.0
2016-05-31 00:00:00,215249.0
2016-06-01 00:00:00,234385.0
2016-06-02 00:00:00,231099.0
2016-06-03 00:00:00,234669.0
2016-06-04 00:00:00,196665.0
2016-06-05 00:00:00,190528.0
2016-06-06 00:00:00,221171.0
2016-06-07 00:00:00,248576.0
2016-06-08 00:00:00,229933.0
2016-06-09 00:00:00,236353.0
2016-06-10 00:00:00,228367.0
2016-06-11 00:00:00,213159.0
2016-06-12 00:00:00,210711.0
2016-06-13 00:00:00,251354.0
2016-06-14 00:00:00,247632.0
2016-06-15 00:00:00,262510.0
2016-06-16 00:00:00,267870.0
2016-06-17 00:00:00,253752.0
2016-06-18 00:00:00,236291.0
2016-06-19 00:00:00,218298.0
2016-06-20 00:00:00,249334.0
2016-06-21 00:00:00,248164.0
2016-06-22 00:00:00,235641.0
2016-06-23 00:00:00,241300.0
2016-06-24 00:00:00,238888.0
2016-06-25 00:00:00,210998.0
2016-06-26 00:00:00,183755.0
2016-06-27 00:00:00,217029.0
2016-06-28 00:00:00,213058.0
2016-06-29 00:00:00,224112.0
2016-06-30 00:00:00,231960.0
2016-07-01 00:00:00,210409.0
2016-07-02 00:00:00,198875.0
2016-07-03 00:00:00,177127.0
2016-07-04 00:00:00,213900.0
2016-07-05 00:00:00,214959.0
2016-07-06 00:00:00,214691.0
2016-07-07 00:00:00,216812.0
2016-07-08 00:00:00,210701.0
2016-07-09 00:00:00,185405.0
2016-07-10 00:00:00,162608.0
2016-07-11 00:00:00,218089.0
2016-07-12 00:00:00,219034.0
2016-07-13 00:00:00,218093.0
2016-07-14 00:00:00,220655.0
2016-07-15 00:00:00,216081.0
2016-07-16 00:00:00,182192.0
2016-07-17 00:00:00,171013.0
2016-07-18 00:00:00,225827.0
2016-07-19 00:00:00,222146.0
2016-07-20 00:00:00,227429.0
2016-07-21 00:00:00,217606.0
2016-07-22 00:00:00,221404.0
2016-07-23 00:00:00,195796.0
2016-07-24 00:00:00,186521.0
2016-07-25 00:00:00,240533.0
2016-07-26 00:00:00,237673.0
2016-07-27 00:00:00,235603.0
2016-07-28 00:00:00,236946.0
2016-07-29 00:00:00,231414.0
2016-07-30 00:00:00,199484.0
2016-07-31 00:00:00,192254.0
2016-08-01 00:00:00,225049.0
2016-08-02 00:00:00,252252.0
2016-08-03 00:00:00,245549.0
2016-08-04 00:00:00,231835.0
2016-08-05 00:00:00,228244.0
2016-08-06 00:00:00,196551.0
2016-08-07 00:00:00,192414.0
2016-08-08 00:00:00,236291.0
2016-08-09 00:00:00,233704.0
2016-08-10 00:00:00,245581.0
2016-08-11 00:00:00,254515.0
2016-08-12 00:00:00,232973.0
2016-08-13 00:00:00,217257.0
2016-08-14 00:00:00,200577.0
2016-08-15 00:00:00,202896.0
2016-08-16 00:00:00,256447.0
2016-08-17 00:00:00,238003.0
2016-08-18 00:00:00,239541.0
2016-08-19 00:00:00,246095.0
2016-08-20 00:00:00,210352.0
2016-08-21 00:00:00,184904.0
2016-08-22 00:00:00,229801.0
2016-08-23 00:00:00,239021.0
2016-08-24 00:00:00,237956.0
2016-08-25 00:00:00,234009.0
2016-08-26 00:00:00,226767.0
2016-08-27 00:00:00,191098.0
2016-08-28 00:00:00,174489.0
2016-08-29 00:00:00,225282.0
2016-08-30 00:00:00,254486.0
2016-08-31 00:00:00,226377.0
2016-09-01 00:00:00,238207.0
2016-09-02 00:00:00,225856.0
2016-09-03 00:00:00,182204.0
2016-09-04 00:00:00,183244.0
2016-09-05 00:00:00,227683.0
2016-09-06 00:00:00,232118.0
2016-09-07 00:00:00,250809.0
2016-09-08 00:00:00,227006.0
2016-09-09 00:00:00,222094.0
2016-09-10 00:00:00,193320.0
2016-09-11 00:00:00,180391.0
2016-09-12 00:00:00,208649.0
2016-09-13 00:00:00,241215.0
2016-09-14 00:00:00,231800.0
2016-09-15 00:00:00,233488.0
2016-09-16 00:00:00,213142.0
2016-09-17 00:00:00,215529.0
2016-09-18 00:00:00,191603.0
2016-09-19 00:00:00,223540.0
2016-09-20 00:00:00,247987.0
2016-09-21 00:00:00,239216.0
2016-09-22 00:00:00,231227.0
2016-09-23 00:00:00,223187.0
2016-09-24 00:00:00,210510.0
2016-09-25 00:00:00,197298.0
2016-09-26 00:00:00,230769.0
2016-09-27 00:00:00,243008.0
2016-09-28 00:00:00,234995.0
2016-09-29 00:00:00,242730.0
2016-09-30 00:00:00,250943.0
2016-10-01 00:00:00,213930.0
2016-10-02 00:00:00,192683.0
2016-10-03 00:00:00,260813.0
2016-10-04 00:00:00,264662.0
2016-10-05 00:00:00,266811.0
2016-10-06 00:00:00,274486.0
2016-10-07 00:00:00,268419.0
2016-10-08 00:00:00,250672.0
2016-10-09 00:00:00,210548.0
2016-10-10 00:00:00,224774.0
2016-10-11 00:00:00,263565.0
2016-10-12 00:00:00,235664.0
2016-10-13 00:00:00,229703.0
2016-10-14 00:00:00,239724.0
2016-10-15 00:00:00,210448.0
2016-10-16 00:00:00,197876.0
2016-10-17 00:00:00,237232.0
2016-10-18 00:00:00,251521.0
2016-10-19 00:00:00,201025.0
2016-10-20 00:00:00,270380.0
2016-10-21 00:00:00,265355.0
2016-10-22 00:00:00,216708.0
2016-10-23 00:00:00,191578.0
2016-10-24 00:00:00,226980.0
2016-10-25 00:00:00,237030.0
2016-10-26 00:00:00,225924.0
2016-10-27 00:00:00,326388.0
2016-10-28 00:00:00,250876.0
2016-10-29 00:00:00,229689.0
2016-10-30 00:00:00,209337.0
2016-10-31 00:00:00,241778.0
2016-11-01 00:00:00,246650.0
2016-11-02 00:00:00,268418.0
2016-11-03 00:00:00,273338.0
2016-11-04 00:00:00,248043.0
2016-11-05 00:00:00,242032.0
2016-11-06 00:00:00,228420.0
2016-11-07 00:00:00,274281.0
2016-11-08 00:00:00,296060.0
2016-11-09 00:00:00,270095.0
2016-11-10 00:00:00,271374.0
2016-11-11 00:00:00,254619.0
2016-11-12 00:00:00,228886.0
2016-11-13 00:00:00,221328.0
2016-11-14 00:00:00,270506.0
2016-11-15 00:00:00,280352.0
2016-11-16 00:00:00,291186.0
2016-11-17 00:00:00,277460.0
2016-11-18 00:00:00,275925.0
2016-11-19 00:00:00,249760.0
2016-11-20 00:00:00,246537.0
2016-11-21 00:00:00,287414.0
2016-11-22 00:00:00,285635.0
2016-11-23 00:00:00,276924.0
2016-11-24 00:00:00,333466.0
2016-11-25 00:00:00,315387.0
2016-11-26 00:00:00,279374.0
2016-11-27 00:00:00,237389.0
2016-11-28 00:00:00,298530.0
2016-11-29 00:00:00,294140.0
2016-11-30 00:00:00,292654.0
2016-12-01 00:00:00,239682.0
2016-12-02 00:00:00,318263.0
2016-12-03 00:00:00,287988.0
2016-12-04 00:00:00,245650.0
2016-12-05 00:00:00,278001.0
2016-12-06 00:00:00,319762.0
2016-12-07 00:00:00,311361.0
2016-12-08 00:00:00,282711.0
2016-12-09 00:00:00,268815.0
2016-12-10 00:00:00,250241.0
2016-12-11 00:00:00,232844.0
2016-12-12 00:00:00,268662.0
2016-12-13 00:00:00,291757.0
2016-12-14 00:00:00,286328.0
2016-12-15 00:00:00,282685.0
2016-12-16 00:00:00,279361.0
2016-12-17 00:00:00,239034.0
2016-12-18 00:00:00,235789.0
2016-12-19 00:00:00,284852.0
2016-12-20 00:00:00,296473.0
2016-12-21 00:00:00,325677.0
2016-12-22 00:00:00,314644.0
2016-12-23 00:00:00,304997.0
2016-12-24 00:00:00,240820.0
2016-12-25 00:00:00,199614.0
2016-12-26 00:00:00,244914.0
2016-12-27 00:00:00,296546.0
2016-12-28 00:00:00,305394.0
2016-12-29 00:00:00,304605.0
2016-12-30 00:00:00,286818.0
2016-12-31 00:00:00,250273.0
2017-01-01 00:00:00,180502.0
2017-01-02 00:00:00,293682.0
2017-01-03 00:00:00,301664.0
2017-01-04 00:00:00,330164.0
2017-01-05 00:00:00,288501.0
2017-01-06 00:00:00,346405.0
2017-01-07 00:00:00,284719.0
2017-01-08 00:00:00,260101.0
2017-01-09 00:00:00,269947.0
2017-01-10 00:00:00,323888.0
2017-01-11 00:00:00,303058.0
2017-01-12 00:00:00,297756.0
2017-01-13 00:00:00,275149.0
2017-01-14 00:00:00,242269.0
2017-01-15 00:00:00,235999.0
2017-01-16 00:00:00,267640.0
2017-01-17 00:00:00,292697.0
2017-01-18 00:00:00,298751.0
2017-01-19 00:00:00,300605.0
2017-01-20 00:00:00,298377.0
2017-01-21 00:00:00,263562.0
2017-01-22 00:00:00,236886.0
2017-01-23 00:00:00,236692.0
2017-01-24 00:00:00,278177.0
2017-01-25 00:00:00,305961.0
2017-01-26 00:00:00,317904.0
2017-01-27 00:00:00,263332.0
2017-01-28 00:00:00,246395.0
2017-01-29 00:00:00,241627.0
2017-01-30 00:00:00,250829.0
2017-01-31 00:00:00,307683.0
2017-02-01 00:00:00,350560.0
2017-02-02 00:00:00,259559.0
2017-02-03 00:00:00,323563.0
2017-02-04 00:00:00,286326.0
2017-02-05 00:00:00,292101.0
2017-02-06 00:00:00,230027.0
2017-02-07 00:00:00,325268.0
2017-02-08 00:00:00,308316.0
2017-02-09 00:00:00,346544.0
2017-02-10 00:00:00,304456.0
2017-02-11 00:00:00,262686.0
2017-02-12 00:00:00,238182.0
2017-02-13 00:00:00,288290.0
2017-02-14 00:00:00,315084.0
2017-02-15 00:00:00,294786.0
2017-02-16 00:00:00,285329.0
2017-02-17 00:00:00,319767.0
2017-02-18 00:00:00,288149.0
2017-02-19 00:00:00,251721.0
2017-02-20 00:00:00,282728.0
2017-02-21 00:00:00,279090.0
2017-02-22 00:00:00,284024.0
2017-02-23 00:00:00,325913.0
2017-02-24 00:00:00,350751.0
2017-02-25 00:00:00,326521.0
2017-02-26 00:00:00,265203.0
2017-02-27 00:00:00,284555.0
2017-02-28 00:00:00,325414.0
2017-03-01 00:00:00,315883.0
2017-03-02 00:00:00,329428.0
2017-03-03 00:00:00,337310.0
2017-03-04 00:00:00,268875.0
2017-03-05 00:00:00,280739.0
2017-03-06 00:00:00,287731.0
2017-03-07 00:00:00,327902.0
2017-03-08 00:00:00,297108.0
2017-03-09 00:00:00,303632.0
2017-03-10 00:00:00,308482.0
2017-03-11 00:00:00,280681.0
2017-03-12 00:00:00,221110.0
2017-03-13 00:00:00,273079.0
2017-03-14 00:00:00,310395.0
2017-03-15 00:00:00,292434.0
2017-03-16 00:00:00,327034.0
2017-03-17 00:00:00,292196.0
2017-03-18 00:00:00,263530.0
2017-03-19 00:00:00,271239.0
2017-03-20 00:00:00,277033.0
2017-03-21 00:00:00,288055.0
2017-03-22 00:00:00,320713.0
2017-03-23 00:00:00,287871.0
2017-03-24 00:00:00,289521.0
2017-03-25 00:00:00,242975.0
2017-03-26 00:00:00,221915.0
2017-03-27 00:00:00,232291.0
2017-03-28 00:00:00,294001.0
2017-03-29 00:00:00,283931.0
2017-03-30 00:00:00,288788.0
2017-03-31 00:00:00,259403.0
2017-04-01 00:00:00,255871.0
2017-04-02 00:00:00,244203.0
2017-04-03 00:00:00,288141.0
2017-04-04 00:00:00,256015.0
2017-04-05 00:00:00,316555.0
2017-04-06 00:00:00,290465.0
2017-04-07 00:00:00,295463.0
2017-04-08 00:00:00,226959.0
2017-04-09 00:00:00,238286.0
2017-04-10 00:00:00,275496.0
2017-04-11 00:00:00,307893.0
2017-04-12 00:00:00,278093.0
2017-04-13 00:00:00,228679.0
2017-04-14 00:00:00,290208.0
2017-04-15 00:00:00,271976.0
2017-04-16 00:00:00,211829.0
2017-04-17 00:00:00,245184.0
2017-04-18 00:00:00,303091.0
2017-04-19 00:00:00,310104.0
2017-04-20 00:00:00,269625.0
2017-04-21 00:00:00,330354.0
2017-04-22 00:00:00,268712.0
2017-04-23 00:00:00,245039.0
2017-04-24 00:00:00,222671.0
2017-04-25 00:00:00,325387.0
2017-04-26 00:00:00,334471.0
2017-04-27 00:00:00,297884.0
2017-04-28 00:00:00,305271.0
2017-04-29 00:00:00,341319.0
2017-04-30 00:00:00,281489.0
2017-05-01 00:00:00,294786.0
2017-05-02 00:00:00,333161.0
2017-05-03 00:00:00,295149.0
2017-05-04 00:00:00,354737.0
2017-05-05 00:00:00,267193.0
2017-05-06 00:00:00,363022.0
2017-05-07 00:00:00,316011.0
2017-05-08 00:00:00,365096.0
2017-05-09 00:00:00,332879.0
2017-05-10 00:00:00,311391.0
2017-05-11 00:00:00,294743.0
2017-05-12 00:00:00,317698.0
2017-05-13 00:00:00,329266.0
2017-05-14 00:00:00,369098.0
2017-05-15 00:00:00,329229.0
2017-05-16 00:00:00,233977.0
2017-05-17 00:00:00,317527.0
2017-05-18 00:00:00,288904.0
2017-05-19 00:00:00,319502.0
2017-05-20 00:00:00,352805.0
2017-05-21 00:00:00,326057.0
2017-05-22 00:00:00,327868.0
2017-05-23 00:00:00,367710.0
2017-05-24 00:00:00,338642.0
2017-05-25 00:00:00,350114.0
2017-05-26 00:00:00,333340.0
2017-05-27 00:00:00,331914.0
2017-05-28 00:00:00,308143.0
2017-05-29 00:00:00,321638.0
2017-05-30 00:00:00,347961.0
2017-05-31 00:00:00,321634.0
2017-06-01 00:00:00,319709.0
2017-06-02 00:00:00,271539.0
2017-06-03 00:00:00,305320.0
2017-06-04 00:00:00,266044.0
2017-06-05 00:00:00,289930.0
2017-06-06 00:00:00,297416.0
2017-06-07 00:00:00,339720.0
2017-06-08 00:00:00,307377.0
2017-06-09 00:00:00,282184.0
2017-06-10 00:00:00,254993.0
2017-06-11 00:00:00,222892.0
2017-06-12 00:00:00,269098.0
2017-06-13 00:00:00,291776.0
2017-06-14 00:00:00,287644.0
2017-06-15 00:00:00,293141.0
2017-06-16 00:00:00,269937.0
2017-06-17 00:00:00,236554.0
2017-06-18 00:00:00,209359.0
2017-06-19 00:00:00,269774.0
2017-06-20 00:00:00,269438.0
2017-06-21 00:00:00,280203.0
2017-06-22 00:00:00,269685.0
2017-06-23 00:00:00,259938.0
2017-06-24 00:00:00,227127.0
2017-06-25 00:00:00,180719.0
2017-06-26 00:00:00,261906.0
2017-06-27 00:00:00,259737.0
2017-06-28 00:00:00,279811.0
2017-06-29 00:00:00,231054.0
2017-06-30 00:00:00,267360.0
2017-07-01 00:00:00,221856.0
2017-07-02 00:00:00,196539.0
2017-07-03 00:00:00,253244.0
2017-07-04 00:00:00,255483.0
2017-07-05 00:00:00,237008.0
2017-07-06 00:00:00,225106.0
2017-07-07 00:00:00,243614.0
2017-07-08 00:00:00,220835.0
2017-07-09 00:00:00,188124.0
2017-07-10 00:00:00,251722.0
2017-07-11 00:00:00,265759.0
2017-07-12 00:00:00,257138.0
2017-07-13 00:00:00,245895.0
2017-07-14 00:00:00,227903.0
2017-07-15 00:00:00,221851.0
2017-07-16 00:00:00,203165.0
2017-07-17 00:00:00,230315.0
2017-07-18 00:00:00,260575.0
2017-07-19 00:00:00,253768.0
2017-07-20 00:00:00,230199.0
2017-07-21 00:00:00,268443.0
2017-07-22 00:00:00,223358.0
2017-07-23 00:00:00,181031.0
2017-07-24 00:00:00,240072.0
2017-07-25 00:00:00,244036.0
2017-07-26 00:00:00,237853.0
2017-07-27 00:00:00,225369.0
2017-07-28 00:00:00,247207.0
2017-07-29 00:00:00,211134.0
2017-07-30 00:00:00,184145.0
2017-07-31 00:00:00,231012.0
2017-08-01 00:00:00,131875.0
2017-08-02 00:00:00,209321.0
2017-08-03 00:00:00,213017.0
2017-08-04 00:00:00,235792.0
2017-08-05 00:00:00,239771.0
2017-08-06 00:00:00,199627.0
2017-08-07 00:00:00,249002.0
2017-08-08 00:00:00,275574.0
2017-08-09 00:00:00,260955.0
2017-08-10 00:00:00,257965.0
2017-08-11 00:00:00,284001.0
2017-08-12 00:00:00,260521.0
2017-08-13 00:00:00,263310.0
2017-08-14 00:00:00,255362.0
2017-08-15 00:00:00,311002.0
2017-08-16 00:00:00,274866.0
2017-08-17 00:00:00,347319.0
2017-08-18 00:00:00,312250.0
2017-08-19 00:00:00,266832.0
2017-08-20 00:00:00,210852.0
2017-08-21 00:00:00,236772.0
2017-08-22 00:00:00,196283.0
2017-08-23 00:00:00,315734.0
2017-08-24 00:00:00,203805.0
2017-08-25 00:00:00,208169.0
2017-08-26 00:00:00,226485.0
2017-08-27 00:00:00,261891.0
2017-08-28 00:00:00,223771.0
2017-08-29 00:00:00,281116.0
2017-08-30 00:00:00,271466.0
2017-08-31 00:00:00,280724.0
2017-09-01 00:00:00,283670.0
2017-09-02 00:00:00,236811.0
2017-09-03 00:00:00,195289.0
2017-09-04 00:00:00,269280.0
2017-09-05 00:00:00,277948.0
2017-09-06 00:00:00,276225.0
2017-09-07 00:00:00,256374.0
2017-09-08 00:00:00,279488.0
2017-09-09 00:00:00,217890.0
2017-09-10 00:00:00,193240.0
2017-09-11 00:00:00,253492.0
2017-09-12 00:00:00,256230.0
2017-09-13 00:00:00,263320.0
2017-09-14 00:00:00,268068.0
2017-09-15 00:00:00,292079.0
2017-09-16 00:00:00,228257.0
2017-09-17 00:00:00,197683.0
2017-09-18 00:00:00,218204.0
2017-09-19 00:00:00,282917.0
2017-09-20 00:00:00,235723.0
2017-09-21 00:00:00,255257.0
2017-09-22 00:00:00,227615.0
2017-09-23 00:00:00,203861.0
2017-09-24 00:00:00,185277.0
2017-09-25 00:00:00,226603.0
2017-09-26 00:00:00,263648.0
2017-09-27 00:00:00,257961.0
2017-09-28 00:00:00,275976.0
2017-09-29 00:00:00,254438.0
2017-09-30 00:00:00,212678.0
2017-10-01 00:00:00,203653.0
2017-10-02 00:00:00,295002.0
2017-10-03 00:00:00,282132.0
2017-10-04 00:00:00,232826.0
2017-10-05 00:00:00,273243.0
2017-10-06 00:00:00,283699.0
2017-10-07 00:00:00,231226.0
2017-10-08 00:00:00,238385.0
2017-10-09 00:00:00,296946.0
2017-10-10 00:00:00,303101.0
2017-10-11 00:00:00,292459.0
2017-10-12 00:00:00,293164.0
2017-10-13 00:00:00,309819.0
2017-10-14 00:00:00,293140.0
2017-10-15 00:00:00,283473.0
2017-10-16 00:00:00,314725.0
2017-10-17 00:00:00,334438.0
2017-10-18 00:00:00,329579.0
2017-10-19 00:00:00,356985.0
2017-10-20 00:00:00,312409.0
2017-10-21 00:00:00,312257.0
2017-10-22 00:00:00,289131.0
2017-10-23 00:00:00,316096.0
2017-10-24 00:00:00,347220.0
2017-10-25 00:00:00,315415.0
2017-10-26 00:00:00,265827.0
2017-10-27 00:00:00,246692.0
2017-10-28 00:00:00,207066.0
2017-10-29 00:00:00,334025.0
2017-10-30 00:00:00,316077.0
2017-10-31 00:00:00,277535.0
2017-11-01 00:00:00,241788.0
2017-11-02 00:00:00,341474.0
2017-11-03 00:00:00,277598.0
2017-11-04 00:00:00,294121.0
2017-11-05 00:00:00,251728.0
2017-11-06 00:00:00,271029.0
2017-11-07 00:00:00,335636.0
2017-11-08 00:00:00,301346.0
2017-11-09 00:00:00,341281.0
2017-11-10 00:00:00,271745.0
2017-11-11 00:00:00,194634.0
2017-11-12 00:00:00,185966.0
2017-11-13 00:00:00,309299.0
2017-11-14 00:00:00,271995.0
2017-11-15 00:00:00,321788.0
2017-11-16 00:00:00,310396.0
2017-11-17 00:00:00,306617.0
2017-11-18 00:00:00,270874.0
2017-11-19 00:00:00,264855.0
2017-11-20 00:00:00,336204.0
2017-11-21 00:00:00,371091.0
2017-11-22 00:00:00,256709.0
2017-11-23 00:00:00,352207.0
2017-11-24 00:00:00,305735.0
2017-11-25 00:00:00,336689.0
2017-11-26 00:00:00,329677.0
2017-11-27 00:00:00,379256.0
2017-11-28 00:00:00,365977.0
2017-11-29 00:00:00,398090.0
2017-11-30 00:00:00,384386.0
2017-12-01 00:00:00,412908.0
2017-12-02 00:00:00,326354.0
2017-12-03 00:00:00,353044.0
2017-12-04 00:00:00,400686.0
2017-12-05 00:00:00,405709.0
2017-12-06 00:00:00,443587.0
2017-12-07 00:00:00,372345.0
2017-12-08 00:00:00,385092.0
2017-12-09 00:00:00,403399.0
2017-12-10 00:00:00,341420.0
2017-12-11 00:00:00,368598.0
2017-12-12 00:00:00,372977.0
2017-12-13 00:00:00,424579.0
2017-12-14 00:00:00,490644.0
2017-12-15 00:00:00,405676.0
2017-12-16 00:00:00,364222.0
2017-12-17 00:00:00,391910.0
2017-12-18 00:00:00,394239.0
2017-12-19 00:00:00,378622.0
2017-12-20 00:00:00,370277.0
2017-12-21 00:00:00,335482.0
2017-12-22 00:00:00,380648.0
2017-12-23 00:00:00,308211.0
2017-12-24 00:00:00,279523.0
2017-12-25 00:00:00,228926.0
2017-12-26 00:00:00,247440.0
2017-12-27 00:00:00,307642.0
2017-12-28 00:00:00,305053.0
2017-12-29 00:00:00,353824.0
2017-12-30 00:00:00,344407.0
2017-12-31 00:00:00,290422.0
2018-01-01 00:00:00,241757.0
2018-01-02 00:00:00,340980.0
2018-01-03 00:00:00,395963.0
2018-01-04 00:00:00,425008.0
2018-01-05 00:00:00,342707.0
2018-01-06 00:00:00,358847.0
2018-01-07 00:00:00,368187.0
2018-01-08 00:00:00,345672.0
2018-01-09 00:00:00,360265.0
2018-01-10 00:00:00,347393.0
2018-01-11 00:00:00,337959.0
2018-01-12 00:00:00,300091.0
2018-01-13 00:00:00,265735.0
2018-01-14 00:00:00,235045.0
2018-01-15 00:00:00,273623.0
2018-01-16 00:00:00,303725.0
2018-01-17 00:00:00,315771.0
2018-01-18 00:00:00,309495.0
2018-01-19 00:00:00,243619.0
2018-01-20 00:00:00,240611.0
2018-01-21 00:00:00,215622.0
2018-01-22 00:00:00,245562.0
2018-01-23 00:00:00,271936.0
