2013-01-25 00:00:00,11679176
2013-01-26 00:00:00,11732596
2013-01-27 00:00:00,11786047
2013-01-28 00:00:00,11838368
2013-01-29 00:00:00,11891985
2013-01-30 00:00:00,11937795
2013-01-31 00:00:00,11983899
2013-02-01 00:00:00,12040655
2013-02-02 00:00:00,12099489
2013-02-03 00:00:00,12155701
2013-02-04 00:00:00,12213181
2013-02-05 00:00:00,12266626
2013-02-06 00:00:00,12311409
2013-02-07 00:00:00,12369624
2013-02-08 00:00:00,12435552
2013-02-09 00:00:00,12486399
2013-02-10 00:00:00,12543762
2013-02-11 00:00:00,12602597
2013-02-12 00:00:00,12661448
2013-02-13 00:00:00,12718846
2013-02-14 00:00:00,12772695
2013-02-15 00:00:00,12830200
2013-02-16 00:00:00,12881418
2013-02-17 00:00:00,12931818
2013-02-18 00:00:00,12978136
2013-02-19 00:00:00,13033734
2013-02-20 00:00:00,13091347
2013-02-21 00:00:00,13150343
2013-02-22 00:00:00,13209263
2013-02-23 00:00:00,13268649
2013-02-24 00:00:00,13326444
2013-02-25 00:00:00,13391608
2013-02-26 00:00:00,13453613
2013-02-27 00:00:00,13516565
2013-02-28 00:00:00,13577558
2013-03-01 00:00:00,13643355
2013-03-02 00:00:00,13704014
2013-03-03 00:00:00,13753645
2013-03-04 00:00:00,13817902
2013-03-05 00:00:00,13873941
2013-03-06 00:00:00,13940378
2013-03-07 00:00:00,14002801
2013-03-08 00:00:00,14067615
2013-03-09 00:00:00,14115286
2013-03-10 00:00:00,14186616
2013-03-11 00:00:00,14254226
2013-03-12 00:00:00,14298636
2013-03-13 00:00:00,14354813
2013-03-14 00:00:00,14413645
2013-03-15 00:00:00,14473709
2013-03-16 00:00:00,14517058
2013-03-17 00:00:00,14551222
2013-03-18 00:00:00,14590613
2013-03-19 00:00:00,14639318
2013-03-20 00:00:00,14681897
2013-03-21 00:00:00,14735737
2013-03-22 00:00:00,14795866
2013-03-23 00:00:00,14853868
2013-03-24 00:00:00,14903702
2013-03-25 00:00:00,14954713
2013-03-26 00:00:00,15001960
2013-03-27 00:00:00,15053953
2013-03-28 00:00:00,15111123
2013-03-29 00:00:00,15177328
2013-03-30 00:00:00,15237115
2013-03-31 00:00:00,15281701
2013-04-01 00:00:00,15334170
2013-04-02 00:00:00,15394438
2013-04-03 00:00:00,15459610
2013-04-04 00:00:00,15528658
2013-04-05 00:00:00,15584721
2013-04-06 00:00:00,15641921
2013-04-07 00:00:00,15700741
2013-04-08 00:00:00,15764211
2013-04-09 00:00:00,15825640
2013-04-10 00:00:00,15894460
2013-04-11 00:00:00,15962185
2013-04-12 00:00:00,16022580
2013-04-13 00:00:00,16077941
2013-04-14 00:00:00,16131358
2013-04-15 00:00:00,16186569
2013-04-16 00:00:00,16252366
2013-04-17 00:00:00,16308530
2013-04-18 00:00:00,16361135
2013-04-19 00:00:00,16418998
2013-04-20 00:00:00,16467014
2013-04-21 00:00:00,16512168
2013-04-22 00:00:00,16558905
2013-04-23 00:00:00,16616209
2013-04-24 00:00:00,16684191
2013-04-25 00:00:00,16745405
2013-04-26 00:00:00,16801938
2013-04-27 00:00:00,16850263
2013-04-28 00:00:00,16891249
2013-04-29 00:00:00,16941258
2013-04-30 00:00:00,16990053
2013-05-01 00:00:00,17040490
2013-05-02 00:00:00,17097768
2013-05-03 00:00:00,17153627
2013-05-04 00:00:00,17201976
2013-05-05 00:00:00,17251395
2013-05-06 00:00:00,17302639
2013-05-07 00:00:00,17361854
2013-05-08 00:00:00,17409213
2013-05-09 00:00:00,17475583
2013-05-10 00:00:00,17543520
2013-05-11 00:00:00,17613930
2013-05-12 00:00:00,17683250
2013-05-13 00:00:00,17745440
2013-05-14 00:00:00,17808727
2013-05-15 00:00:00,17875138
2013-05-16 00:00:00,17935681
2013-05-17 00:00:00,17996577
2013-05-18 00:00:00,18048559
2013-05-19 00:00:00,18095649
2013-05-20 00:00:00,18145742
2013-05-21 00:00:00,18200406
2013-05-22 00:00:00,18254387
2013-05-23 00:00:00,18309211
2013-05-24 00:00:00,18364317
2013-05-25 00:00:00,18420153
2013-05-26 00:00:00,18460032
2013-05-27 00:00:00,18512409
2013-05-28 00:00:00,18567547
2013-05-29 00:00:00,18622466
2013-05-30 00:00:00,18679636
2013-05-31 00:00:00,18737252
2013-06-01 00:00:00,18789642
2013-06-02 00:00:00,18840653
2013-06-03 00:00:00,18892701
2013-06-04 00:00:00,18952819
2013-06-05 00:00:00,19007766
2013-06-06 00:00:00,19063684
2013-06-07 00:00:00,19118015
2013-06-08 00:00:00,19165988
2013-06-09 00:00:00,19212225
2013-06-10 00:00:00,19254631
2013-06-11 00:00:00,19305839
2013-06-12 00:00:00,19352256
2013-06-13 00:00:00,19395558
2013-06-14 00:00:00,19443682
2013-06-15 00:00:00,19485213
2013-06-16 00:00:00,19525289
2013-06-17 00:00:00,19568688
2013-06-18 00:00:00,19615713
2013-06-19 00:00:00,19662616
2013-06-20 00:00:00,19712056
2013-06-21 00:00:00,19765050
2013-06-22 00:00:00,19807621
2013-06-23 00:00:00,19848255
2013-06-24 00:00:00,19889218
2013-06-25 00:00:00,19934806
2013-06-26 00:00:00,19980382
2013-06-27 00:00:00,20027179
2013-06-28 00:00:00,20075503
2013-06-29 00:00:00,20114476
2013-06-30 00:00:00,20147470
2013-07-01 00:00:00,20181523
2013-07-02 00:00:00,20224787
2013-07-03 00:00:00,20260138
2013-07-04 00:00:00,20294698
2013-07-05 00:00:00,20330989
2013-07-06 00:00:00,20367968
2013-07-07 00:00:00,20396833
2013-07-08 00:00:00,20433745
2013-07-09 00:00:00,20475522
2013-07-10 00:00:00,20514862
2013-07-11 00:00:00,20555902
2013-07-12 00:00:00,20605947
2013-07-13 00:00:00,20646260
2013-07-14 00:00:00,20680410
2013-07-15 00:00:00,20717148
2013-07-16 00:00:00,20755932
2013-07-17 00:00:00,20795497
2013-07-18 00:00:00,20836754
2013-07-19 00:00:00,20874774
2013-07-20 00:00:00,20908400
2013-07-21 00:00:00,20945284
2013-07-22 00:00:00,20982541
2013-07-23 00:00:00,21022185
2013-07-24 00:00:00,21062148
2013-07-25 00:00:00,21104452
2013-07-26 00:00:00,21145880
2013-07-27 00:00:00,21181867
2013-07-28 00:00:00,21214978
2013-07-29 00:00:00,21259238
2013-07-30 00:00:00,21299236
2013-07-31 00:00:00,21351155
2013-08-01 00:00:00,21396978
2013-08-02 00:00:00,21450152
2013-08-03 00:00:00,21499217
2013-08-04 00:00:00,21543822
2013-08-05 00:00:00,21591725
2013-08-06 00:00:00,21643985
2013-08-07 00:00:00,21701210
2013-08-08 00:00:00,21758246
2013-08-09 00:00:00,21811487
2013-08-10 00:00:00,21863527
2013-08-11 00:00:00,21904586
2013-08-12 00:00:00,21950397
2013-08-13 00:00:00,22003881
2013-08-14 00:00:00,22054365
2013-08-15 00:00:00,22113394
2013-08-16 00:00:00,22181695
2013-08-17 00:00:00,22240948
2013-08-18 00:00:00,22294082
2013-08-19 00:00:00,22364020
2013-08-20 00:00:00,22430559
2013-08-21 00:00:00,22493975
2013-08-22 00:00:00,22556747
2013-08-23 00:00:00,22616716
2013-08-24 00:00:00,22667801
2013-08-25 00:00:00,22712895
2013-08-26 00:00:00,22766423
2013-08-27 00:00:00,22827439
2013-08-28 00:00:00,22891084
2013-08-29 00:00:00,22952609
2013-08-30 00:00:00,23013325
2013-08-31 00:00:00,23065858
2013-09-01 00:00:00,23111436
2013-09-02 00:00:00,23161892
2013-09-03 00:00:00,23212395
2013-09-04 00:00:00,23263531
2013-09-05 00:00:00,23323753
2013-09-06 00:00:00,23387165
2013-09-07 00:00:00,23441396
2013-09-08 00:00:00,23487866
2013-09-09 00:00:00,23542832
2013-09-10 00:00:00,23596383
2013-09-11 00:00:00,23645895
2013-09-12 00:00:00,23696877
2013-09-13 00:00:00,23745239
2013-09-14 00:00:00,23792386
2013-09-15 00:00:00,23839150
2013-09-16 00:00:00,23889541
2013-09-17 00:00:00,23955832
2013-09-18 00:00:00,24020215
2013-09-19 00:00:00,24079219
2013-09-20 00:00:00,24138209
2013-09-21 00:00:00,24191495
2013-09-22 00:00:00,24244181
2013-09-23 00:00:00,24304467
2013-09-24 00:00:00,24368030
2013-09-25 00:00:00,24426180
2013-09-26 00:00:00,24480442
2013-09-27 00:00:00,24530871
2013-09-28 00:00:00,24575531
2013-09-29 00:00:00,24617272
2013-09-30 00:00:00,24659345
2013-10-01 00:00:00,24714665
2013-10-02 00:00:00,24775207
2013-10-03 00:00:00,24836915
2013-10-04 00:00:00,24891711
2013-10-05 00:00:00,24939606
2013-10-06 00:00:00,24984357
2013-10-07 00:00:00,25027592
2013-10-08 00:00:00,25070457
2013-10-09 00:00:00,25117448
2013-10-10 00:00:00,25175217
2013-10-11 00:00:00,25229666
2013-10-12 00:00:00,25279340
2013-10-13 00:00:00,25330588
2013-10-14 00:00:00,25386351
2013-10-15 00:00:00,25443671
2013-10-16 00:00:00,25495618
2013-10-17 00:00:00,25540811
2013-10-18 00:00:00,25601257
2013-10-19 00:00:00,25655896
2013-10-20 00:00:00,25705760
2013-10-21 00:00:00,25763902
2013-10-22 00:00:00,25828808
2013-10-23 00:00:00,25883380
2013-10-24 00:00:00,25946645
2013-10-25 00:00:00,26006498
2013-10-26 00:00:00,26055851
2013-10-27 00:00:00,26100239
2013-10-28 00:00:00,26148874
2013-10-29 00:00:00,26200111
2013-10-30 00:00:00,26248022
2013-10-31 00:00:00,26304498
2013-11-01 00:00:00,26352804
2013-11-02 00:00:00,26393983
2013-11-03 00:00:00,26429798
2013-11-04 00:00:00,26471892
2013-11-05 00:00:00,26523026
2013-11-06 00:00:00,26578061
2013-11-07 00:00:00,26636692
2013-11-08 00:00:00,26696653
2013-11-09 00:00:00,26754457
2013-11-10 00:00:00,26811626
2013-11-11 00:00:00,26866184
2013-11-12 00:00:00,26924694
2013-11-13 00:00:00,26987845
2013-11-14 00:00:00,27058020
2013-11-15 00:00:00,27120120
2013-11-16 00:00:00,27171715
2013-11-17 00:00:00,27219756
2013-11-18 00:00:00,27292954
2013-11-19 00:00:00,27386276
2013-11-20 00:00:00,27464238
2013-11-21 00:00:00,27535262
2013-11-22 00:00:00,27611908
2013-11-23 00:00:00,27687073
2013-11-24 00:00:00,27747091
2013-11-25 00:00:00,27819028
2013-11-26 00:00:00,27899083
2013-11-27 00:00:00,27990252
2013-11-28 00:00:00,28092262
2013-11-29 00:00:00,28182671
2013-11-30 00:00:00,28263539
2013-12-01 00:00:00,28330714
2013-12-02 00:00:00,28405038
2013-12-03 00:00:00,28483240
2013-12-04 00:00:00,28562978
2013-12-05 00:00:00,28647973
2013-12-06 00:00:00,28719250
2013-12-07 00:00:00,28794375
2013-12-08 00:00:00,28843549
2013-12-09 00:00:00,28900838
2013-12-10 00:00:00,28968712
2013-12-11 00:00:00,29037093
2013-12-12 00:00:00,29096770
2013-12-13 00:00:00,29156597
2013-12-14 00:00:00,29212455
2013-12-15 00:00:00,29264340
2013-12-16 00:00:00,29327430
2013-12-17 00:00:00,29399018
2013-12-18 00:00:00,29480674
2013-12-19 00:00:00,29549488
2013-12-20 00:00:00,29618963
2013-12-21 00:00:00,29678103
2013-12-22 00:00:00,29729646
2013-12-23 00:00:00,29781679
2013-12-24 00:00:00,29838551
2013-12-25 00:00:00,29895628
2013-12-26 00:00:00,29944203
2013-12-27 00:00:00,29999373
2013-12-28 00:00:00,30047150
2013-12-29 00:00:00,30096181
2013-12-30 00:00:00,30152682
2013-12-31 00:00:00,30205064
2014-01-01 00:00:00,30246540
2014-01-02 00:00:00,30294964
2014-01-03 00:00:00,30358785
2014-01-04 00:00:00,30412763
2014-01-05 00:00:00,30468524
2014-01-06 00:00:00,30536121
2014-01-07 00:00:00,30598247
2014-01-08 00:00:00,30661131
2014-01-09 00:00:00,30719496
2014-01-10 00:00:00,30776242
2014-01-11 00:00:00,30832706
2014-01-12 00:00:00,30882014
2014-01-13 00:00:00,30936770
2014-01-14 00:00:00,30992349
2014-01-15 00:00:00,31052741
2014-01-16 00:00:00,31110333
2014-01-17 00:00:00,31168730
2014-01-18 00:00:00,31222020
2014-01-19 00:00:00,31271244
2014-01-20 00:00:00,31330063
2014-01-21 00:00:00,31401584
2014-01-22 00:00:00,31467942
2014-01-23 00:00:00,31531469
2014-01-24 00:00:00,31599362
2014-01-25 00:00:00,31654733
2014-01-26 00:00:00,31706363
2014-01-27 00:00:00,31767109
2014-01-28 00:00:00,31832796
2014-01-29 00:00:00,31894582
2014-01-30 00:00:00,31955501
2014-01-31 00:00:00,32017500
2014-02-01 00:00:00,32074340
2014-02-02 00:00:00,32124740
2014-02-03 00:00:00,32183641
2014-02-04 00:00:00,32249453
2014-02-05 00:00:00,32317405
2014-02-06 00:00:00,32387126
2014-02-07 00:00:00,32458996
2014-02-08 00:00:00,32523065
2014-02-09 00:00:00,32582349
2014-02-10 00:00:00,32649971
2014-02-11 00:00:00,32712843
2014-02-12 00:00:00,32775648
2014-02-13 00:00:00,32842536
2014-02-14 00:00:00,32919196
2014-02-15 00:00:00,32983303
2014-02-16 00:00:00,33040088
2014-02-17 00:00:00,33097207
2014-02-18 00:00:00,33165540
2014-02-19 00:00:00,33231891
2014-02-20 00:00:00,33303557
2014-02-21 00:00:00,33377070
2014-02-22 00:00:00,33436761
2014-02-23 00:00:00,33495393
2014-02-24 00:00:00,33563889
2014-02-25 00:00:00,33647893
2014-02-26 00:00:00,33719420
2014-02-27 00:00:00,33790867
2014-02-28 00:00:00,33862525
2014-03-01 00:00:00,33925869
2014-03-02 00:00:00,33984936
2014-03-03 00:00:00,34057521
2014-03-04 00:00:00,34143437
2014-03-05 00:00:00,34217615
2014-03-06 00:00:00,34289234
2014-03-07 00:00:00,34358793
2014-03-08 00:00:00,34429812
2014-03-09 00:00:00,34491101
2014-03-10 00:00:00,34557887
2014-03-11 00:00:00,34633973
2014-03-12 00:00:00,34709992
2014-03-13 00:00:00,34785348
2014-03-14 00:00:00,34854083
2014-03-15 00:00:00,34919981
2014-03-16 00:00:00,34978711
2014-03-17 00:00:00,35043648
2014-03-18 00:00:00,35101529
2014-03-19 00:00:00,35168948
2014-03-20 00:00:00,35241065
2014-03-21 00:00:00,35315046
2014-03-22 00:00:00,35384185
2014-03-23 00:00:00,35441007
2014-03-24 00:00:00,35508389
2014-03-25 00:00:00,35580873
2014-03-26 00:00:00,35650770
2014-03-27 00:00:00,35721710
2014-03-28 00:00:00,35790865
2014-03-29 00:00:00,35845814
2014-03-30 00:00:00,35901147
2014-03-31 00:00:00,35964243
2014-04-01 00:00:00,36028935
2014-04-02 00:00:00,36095691
2014-04-03 00:00:00,36162983
2014-04-04 00:00:00,36228561
2014-04-05 00:00:00,36288171
2014-04-06 00:00:00,36335627
2014-04-07 00:00:00,36397849
2014-04-08 00:00:00,36467950
2014-04-09 00:00:00,36532228
2014-04-10 00:00:00,36601302
2014-04-11 00:00:00,36668176
2014-04-12 00:00:00,36720083
2014-04-13 00:00:00,36769503
2014-04-14 00:00:00,36833834
2014-04-15 00:00:00,36908716
2014-04-16 00:00:00,36977118
2014-04-17 00:00:00,37044330
2014-04-18 00:00:00,37100930
2014-04-19 00:00:00,37157615
2014-04-20 00:00:00,37207009
2014-04-21 00:00:00,37264970
2014-04-22 00:00:00,37338262
2014-04-23 00:00:00,37410409
2014-04-24 00:00:00,37478068
2014-04-25 00:00:00,37556106
2014-04-26 00:00:00,37614543
2014-04-27 00:00:00,37664935
2014-04-28 00:00:00,37727821
2014-04-29 00:00:00,37792028
2014-04-30 00:00:00,37855975
2014-05-01 00:00:00,37916885
2014-05-02 00:00:00,37977286
2014-05-03 00:00:00,38033398
2014-05-04 00:00:00,38084649
2014-05-05 00:00:00,38148082
2014-05-06 00:00:00,38224818
2014-05-07 00:00:00,38295242
2014-05-08 00:00:00,38363635
2014-05-09 00:00:00,38431328
2014-05-10 00:00:00,38491123
2014-05-11 00:00:00,38542789
2014-05-12 00:00:00,38612853
2014-05-13 00:00:00,38683525
2014-05-14 00:00:00,38753556
2014-05-15 00:00:00,38826317
2014-05-16 00:00:00,38895210
2014-05-17 00:00:00,38950787
2014-05-18 00:00:00,39001448
2014-05-19 00:00:00,39061816
2014-05-20 00:00:00,39131368
2014-05-21 00:00:00,39202488
2014-05-22 00:00:00,39273514
2014-05-23 00:00:00,39348107
2014-05-24 00:00:00,39406253
2014-05-25 00:00:00,39460181
2014-05-26 00:00:00,39525976
2014-05-27 00:00:00,39593016
2014-05-28 00:00:00,39665393
2014-05-29 00:00:00,39731323
2014-05-30 00:00:00,39798258
2014-05-31 00:00:00,39853424
2014-06-01 00:00:00,39906400
2014-06-02 00:00:00,39967579
2014-06-03 00:00:00,40037490
2014-06-04 00:00:00,40103925
2014-06-05 00:00:00,40170620
2014-06-06 00:00:00,40235479
2014-06-07 00:00:00,40288695
2014-06-08 00:00:00,40336425
2014-06-09 00:00:00,40392442
2014-06-10 00:00:00,40457902
2014-06-11 00:00:00,40519513
2014-06-12 00:00:00,40581096
2014-06-13 00:00:00,40646187
2014-06-14 00:00:00,40705148
2014-06-15 00:00:00,40758930
2014-06-16 00:00:00,40824277
2014-06-17 00:00:00,40891547
2014-06-18 00:00:00,40958539
2014-06-19 00:00:00,41020859
2014-06-20 00:00:00,41080743
2014-06-21 00:00:00,41132574
2014-06-22 00:00:00,41183003
2014-06-23 00:00:00,41239651
2014-06-24 00:00:00,41304417
2014-06-25 00:00:00,41368177
2014-06-26 00:00:00,41430531
2014-06-27 00:00:00,41493252
2014-06-28 00:00:00,41550135
2014-06-29 00:00:00,41602386
2014-06-30 00:00:00,41664395
2014-07-01 00:00:00,41735449
2014-07-02 00:00:00,41803173
2014-07-03 00:00:00,41866445
2014-07-04 00:00:00,41928346
2014-07-05 00:00:00,41976861
2014-07-06 00:00:00,42030227
2014-07-07 00:00:00,42090213
2014-07-08 00:00:00,42160255
2014-07-09 00:00:00,42231000
2014-07-10 00:00:00,42295146
2014-07-11 00:00:00,42355095
2014-07-12 00:00:00,42409276
2014-07-13 00:00:00,42462399
2014-07-14 00:00:00,42522276
2014-07-15 00:00:00,42591747
2014-07-16 00:00:00,42659514
2014-07-17 00:00:00,42728152
2014-07-18 00:00:00,42790579
2014-07-19 00:00:00,42849069
2014-07-20 00:00:00,42903811
2014-07-21 00:00:00,42965391
2014-07-22 00:00:00,43032312
2014-07-23 00:00:00,43101213
2014-07-24 00:00:00,43166028
2014-07-25 00:00:00,43229163
2014-07-26 00:00:00,43286691
2014-07-27 00:00:00,43339746
2014-07-28 00:00:00,43399307
2014-07-29 00:00:00,43464004
2014-07-30 00:00:00,43528446
2014-07-31 00:00:00,43596167
2014-08-01 00:00:00,43665450
2014-08-02 00:00:00,43725338
2014-08-03 00:00:00,43777888
2014-08-04 00:00:00,43840940
2014-08-05 00:00:00,43913868
2014-08-06 00:00:00,43992688
2014-08-07 00:00:00,44063420
2014-08-08 00:00:00,44132545
2014-08-09 00:00:00,44195505
2014-08-10 00:00:00,44253991
2014-08-11 00:00:00,44324175
2014-08-12 00:00:00,44403019
2014-08-13 00:00:00,44478030
2014-08-14 00:00:00,44559223
2014-08-15 00:00:00,44628921
2014-08-16 00:00:00,44704260
2014-08-17 00:00:00,44763579
2014-08-18 00:00:00,44831559
2014-08-19 00:00:00,44907017
2014-08-20 00:00:00,44980115
2014-08-21 00:00:00,45055585
2014-08-22 00:00:00,45123819
2014-08-23 00:00:00,45184008
2014-08-24 00:00:00,45239031
2014-08-25 00:00:00,45305442
2014-08-26 00:00:00,45379361
2014-08-27 00:00:00,45453679
2014-08-28 00:00:00,45522887
2014-08-29 00:00:00,45590551
2014-08-30 00:00:00,45654385
2014-08-31 00:00:00,45714136
2014-09-01 00:00:00,45780341
2014-09-02 00:00:00,45851880
2014-09-03 00:00:00,45923916
2014-09-04 00:00:00,45994856
2014-09-05 00:00:00,46061904
2014-09-06 00:00:00,46129433
2014-09-07 00:00:00,46188952
2014-09-08 00:00:00,46260706
2014-09-09 00:00:00,46340574
2014-09-10 00:00:00,46416991
2014-09-11 00:00:00,46484664
2014-09-12 00:00:00,46550967
2014-09-13 00:00:00,46613576
2014-09-14 00:00:00,46679609
2014-09-15 00:00:00,46753751
2014-09-16 00:00:00,46843077
2014-09-17 00:00:00,46922861
2014-09-18 00:00:00,47002615
2014-09-19 00:00:00,47074242
2014-09-20 00:00:00,47136557
2014-09-21 00:00:00,47199708
2014-09-22 00:00:00,47268234
2014-09-23 00:00:00,47339374
2014-09-24 00:00:00,47420478
2014-09-25 00:00:00,47498042
2014-09-26 00:00:00,47571320
2014-09-27 00:00:00,47638262
2014-09-28 00:00:00,47700462
2014-09-29 00:00:00,47773745
2014-09-30 00:00:00,47852335
2014-10-01 00:00:00,47930532
2014-10-02 00:00:00,48005162
2014-10-03 00:00:00,48077860
2014-10-04 00:00:00,48148290
2014-10-05 00:00:00,48214963
2014-10-06 00:00:00,48290089
2014-10-07 00:00:00,48368834
2014-10-08 00:00:00,48449158
2014-10-09 00:00:00,48528102
2014-10-10 00:00:00,48612913
2014-10-11 00:00:00,48678637
2014-10-12 00:00:00,48742583
2014-10-13 00:00:00,48817887
2014-10-14 00:00:00,48899378
2014-10-15 00:00:00,48976509
2014-10-16 00:00:00,49050519
2014-10-17 00:00:00,49122345
2014-10-18 00:00:00,49191819
2014-10-19 00:00:00,49254483
2014-10-20 00:00:00,49332926
2014-10-21 00:00:00,49414347
2014-10-22 00:00:00,49493893
2014-10-23 00:00:00,49573066
2014-10-24 00:00:00,49654709
2014-10-25 00:00:00,49728149
2014-10-26 00:00:00,49798686
2014-10-27 00:00:00,49878821
2014-10-28 00:00:00,49967421
2014-10-29 00:00:00,50057689
2014-10-30 00:00:00,50151027
2014-10-31 00:00:00,50239089
2014-11-01 00:00:00,50313637
2014-11-02 00:00:00,50389464
2014-11-03 00:00:00,50473986
2014-11-04 00:00:00,50564372
2014-11-05 00:00:00,50653621
2014-11-06 00:00:00,50743962
2014-11-07 00:00:00,50833504
2014-11-08 00:00:00,50909454
2014-11-09 00:00:00,50981671
2014-11-10 00:00:00,51066490
2014-11-11 00:00:00,51153828
2014-11-12 00:00:00,51241597
2014-11-13 00:00:00,51341714
2014-11-14 00:00:00,51430345
2014-11-15 00:00:00,51505176
2014-11-16 00:00:00,51578514
2014-11-17 00:00:00,51663715
2014-11-18 00:00:00,51751239
2014-11-19 00:00:00,51838560
2014-11-20 00:00:00,51924057
2014-11-21 00:00:00,52010634
2014-11-22 00:00:00,52088466
2014-11-23 00:00:00,52163507
2014-11-24 00:00:00,52247304
2014-11-25 00:00:00,52330117
2014-11-26 00:00:00,52420136
2014-11-27 00:00:00,52503115
2014-11-28 00:00:00,52589102
2014-11-29 00:00:00,52670554
2014-11-30 00:00:00,52751488
2014-12-01 00:00:00,52846708
2014-12-02 00:00:00,52947494
2014-12-03 00:00:00,53044790
2014-12-04 00:00:00,53145619
2014-12-05 00:00:00,53238519
2014-12-06 00:00:00,53322152
2014-12-07 00:00:00,53399509
2014-12-08 00:00:00,53484007
2014-12-09 00:00:00,53573594
2014-12-10 00:00:00,53664289
2014-12-11 00:00:00,53750118
2014-12-12 00:00:00,53830221
2014-12-13 00:00:00,53909733
2014-12-14 00:00:00,53983659
2014-12-15 00:00:00,54079386
2014-12-16 00:00:00,54178176
2014-12-17 00:00:00,54271880
2014-12-18 00:00:00,54375041
2014-12-19 00:00:00,54467093
2014-12-20 00:00:00,54558586
2014-12-21 00:00:00,54639415
2014-12-22 00:00:00,54728852
2014-12-23 00:00:00,54828622
2014-12-24 00:00:00,54918137
2014-12-25 00:00:00,54988821
2014-12-26 00:00:00,55060521
2014-12-27 00:00:00,55139297
2014-12-28 00:00:00,55214070
2014-12-29 00:00:00,55293882
2014-12-30 00:00:00,55379129
2014-12-31 00:00:00,55462897
2015-01-01 00:00:00,55521860
2015-01-02 00:00:00,55594094
2015-01-03 00:00:00,55676926
2015-01-04 00:00:00,55762496
2015-01-05 00:00:00,55856249
2015-01-06 00:00:00,55943409
2015-01-07 00:00:00,56036321
2015-01-08 00:00:00,56135447
2015-01-09 00:00:00,56240658
2015-01-10 00:00:00,56346553
2015-01-11 00:00:00,56440510
2015-01-12 00:00:00,56538695
2015-01-13 00:00:00,56637785
2015-01-14 00:00:00,56742266
2015-01-15 00:00:00,56858053
2015-01-16 00:00:00,56970583
2015-01-17 00:00:00,57060422
2015-01-18 00:00:00,57147469
2015-01-19 00:00:00,57241565
2015-01-20 00:00:00,57340455
2015-01-21 00:00:00,57440706
2015-01-22 00:00:00,57535685
2015-01-23 00:00:00,57622902
2015-01-24 00:00:00,57712532
2015-01-25 00:00:00,57794890
2015-01-26 00:00:00,57900313
2015-01-27 00:00:00,57999348
2015-01-28 00:00:00,58088635
2015-01-29 00:00:00,58177154
2015-01-30 00:00:00,58263514
2015-01-31 00:00:00,58347276
2015-02-01 00:00:00,58426469
2015-02-02 00:00:00,58509699
2015-02-03 00:00:00,58603198
2015-02-04 00:00:00,58692551
2015-02-05 00:00:00,58782579
2015-02-06 00:00:00,58866019
2015-02-07 00:00:00,58952226
2015-02-08 00:00:00,59034942
2015-02-09 00:00:00,59130802
2015-02-10 00:00:00,59234353
2015-02-11 00:00:00,59333054
2015-02-12 00:00:00,59426922
2015-02-13 00:00:00,59534312
2015-02-14 00:00:00,59641316
2015-02-15 00:00:00,59726671
2015-02-16 00:00:00,59830010
2015-02-17 00:00:00,59928909
2015-02-18 00:00:00,60033464
2015-02-19 00:00:00,60129469
2015-02-20 00:00:00,60226178
2015-02-21 00:00:00,60318719
2015-02-22 00:00:00,60404747
2015-02-23 00:00:00,60501683
2015-02-24 00:00:00,60606146
2015-02-25 00:00:00,60710931
2015-02-26 00:00:00,60812279
2015-02-27 00:00:00,60915674
2015-02-28 00:00:00,61005933
2015-03-01 00:00:00,61092207
2015-03-02 00:00:00,61195142
2015-03-03 00:00:00,61304284
2015-03-04 00:00:00,61409130
2015-03-05 00:00:00,61505741
2015-03-06 00:00:00,61602108
2015-03-07 00:00:00,61696378
2015-03-08 00:00:00,61782904
2015-03-09 00:00:00,61879353
2015-03-10 00:00:00,61991700
2015-03-11 00:00:00,62094556
2015-03-12 00:00:00,62192210
2015-03-13 00:00:00,62288955
2015-03-14 00:00:00,62377783
2015-03-15 00:00:00,62462260
2015-03-16 00:00:00,62560054
2015-03-17 00:00:00,62664292
2015-03-18 00:00:00,62767277
2015-03-19 00:00:00,62869691
2015-03-20 00:00:00,62972800
2015-03-21 00:00:00,63073258
2015-03-22 00:00:00,63157589
2015-03-23 00:00:00,63263919
2015-03-24 00:00:00,63360316
2015-03-25 00:00:00,63454246
2015-03-26 00:00:00,63552637
2015-03-27 00:00:00,63658939
2015-03-28 00:00:00,63748992
2015-03-29 00:00:00,63836448
2015-03-30 00:00:00,63938553
2015-03-31 00:00:00,64043847
2015-04-01 00:00:00,64170437
2015-04-02 00:00:00,64286123
2015-04-03 00:00:00,64389883
2015-04-04 00:00:00,64484035
2015-04-05 00:00:00,64578083
2015-04-06 00:00:00,64679032
2015-04-07 00:00:00,64790818
2015-04-08 00:00:00,64898865
2015-04-09 00:00:00,65016687
2015-04-10 00:00:00,65130778
2015-04-11 00:00:00,65234232
2015-04-12 00:00:00,65323116
2015-04-13 00:00:00,65428398
2015-04-14 00:00:00,65541770
2015-04-15 00:00:00,65647231
2015-04-16 00:00:00,65751294
2015-04-17 00:00:00,65853383
2015-04-18 00:00:00,65953867
2015-04-19 00:00:00,66040180
2015-04-20 00:00:00,66155308
2015-04-21 00:00:00,66269369
2015-04-22 00:00:00,66383026
2015-04-23 00:00:00,66490267
2015-04-24 00:00:00,66600835
2015-04-25 00:00:00,66701625
2015-04-26 00:00:00,66795386
2015-04-27 00:00:00,66904768
2015-04-28 00:00:00,67017202
2015-04-29 00:00:00,67134191
2015-04-30 00:00:00,67248261
2015-05-01 00:00:00,67353497
2015-05-02 00:00:00,67449913
2015-05-03 00:00:00,67535950
2015-05-04 00:00:00,67630070
2015-05-05 00:00:00,67744241
2015-05-06 00:00:00,67857737
2015-05-07 00:00:00,67971157
2015-05-08 00:00:00,68079522
2015-05-09 00:00:00,68178239
2015-05-10 00:00:00,68268293
2015-05-11 00:00:00,68371259
2015-05-12 00:00:00,68485683
2015-05-13 00:00:00,68594298
2015-05-14 00:00:00,68695526
2015-05-15 00:00:00,68803408
2015-05-16 00:00:00,68896433
2015-05-17 00:00:00,68982011
2015-05-18 00:00:00,69079926
2015-05-19 00:00:00,69186429
2015-05-20 00:00:00,69294112
2015-05-21 00:00:00,69394074
2015-05-22 00:00:00,69494665
2015-05-23 00:00:00,69587339
2015-05-24 00:00:00,69675335
2015-05-25 00:00:00,69780854
2015-05-26 00:00:00,69887825
2015-05-27 00:00:00,69996383
2015-05-28 00:00:00,70106169
2015-05-29 00:00:00,70229317
2015-05-30 00:00:00,70362224
2015-05-31 00:00:00,70458261
2015-06-01 00:00:00,70575220
2015-06-02 00:00:00,70708709
2015-06-03 00:00:00,70834108
2015-06-04 00:00:00,70958001
2015-06-05 00:00:00,71067701
2015-06-06 00:00:00,71169706
2015-06-07 00:00:00,71258146
2015-06-08 00:00:00,71352183
2015-06-09 00:00:00,71467816
2015-06-10 00:00:00,71600880
2015-06-11 00:00:00,71726027
2015-06-12 00:00:00,71851049
2015-06-13 00:00:00,71963862
2015-06-14 00:00:00,72064374
2015-06-15 00:00:00,72186653
2015-06-16 00:00:00,72310747
2015-06-17 00:00:00,72444494
2015-06-18 00:00:00,72566495
2015-06-19 00:00:00,72691925
2015-06-20 00:00:00,72806704
2015-06-21 00:00:00,72897907
2015-06-22 00:00:00,73009695
2015-06-23 00:00:00,73138490
2015-06-24 00:00:00,73252961
2015-06-25 00:00:00,73366290
2015-06-26 00:00:00,73481930
2015-06-27 00:00:00,73590806
2015-06-28 00:00:00,73688496
2015-06-29 00:00:00,73805615
2015-06-30 00:00:00,73954618
2015-07-01 00:00:00,74105535
2015-07-02 00:00:00,74241102
2015-07-03 00:00:00,74379913
2015-07-04 00:00:00,74494223
2015-07-05 00:00:00,74595937
2015-07-06 00:00:00,74747678
2015-07-07 00:00:00,74949599
2015-07-08 00:00:00,75150019
2015-07-09 00:00:00,75337221
2015-07-10 00:00:00,75551708
2015-07-11 00:00:00,75723360
2015-07-12 00:00:00,75928089
2015-07-13 00:00:00,76104631
2015-07-14 00:00:00,76224338
2015-07-15 00:00:00,76346678
2015-07-16 00:00:00,76460490
2015-07-17 00:00:00,76578538
2015-07-18 00:00:00,76699155
2015-07-19 00:00:00,76833798
2015-07-20 00:00:00,76946238
2015-07-21 00:00:00,77069605
2015-07-22 00:00:00,77217125
2015-07-23 00:00:00,77328707
2015-07-24 00:00:00,77438559
2015-07-25 00:00:00,77544597
2015-07-26 00:00:00,77634247
2015-07-27 00:00:00,77745578
2015-07-28 00:00:00,77862990
2015-07-29 00:00:00,77999185
2015-07-30 00:00:00,78132882
2015-07-31 00:00:00,78266522
2015-08-01 00:00:00,78429697
2015-08-02 00:00:00,78528673
2015-08-03 00:00:00,78647233
2015-08-04 00:00:00,78779952
2015-08-05 00:00:00,78910198
2015-08-06 00:00:00,79042692
2015-08-07 00:00:00,79167350
2015-08-08 00:00:00,79271770
2015-08-09 00:00:00,79360195
2015-08-10 00:00:00,79470881
2015-08-11 00:00:00,79587804
2015-08-12 00:00:00,79703558
2015-08-13 00:00:00,79821894
2015-08-14 00:00:00,79929844
2015-08-15 00:00:00,80035963
2015-08-16 00:00:00,80122546
2015-08-17 00:00:00,80230795
2015-08-18 00:00:00,80350926
2015-08-19 00:00:00,80473790
2015-08-20 00:00:00,80590624
2015-08-21 00:00:00,80706935
2015-08-22 00:00:00,80814730
2015-08-23 00:00:00,80908513
2015-08-24 00:00:00,81025539
2015-08-25 00:00:00,81150599
2015-08-26 00:00:00,81276148
2015-08-27 00:00:00,81392482
2015-08-28 00:00:00,81514174
2015-08-29 00:00:00,81627896
2015-08-30 00:00:00,81720234
2015-08-31 00:00:00,81838219
2015-09-01 00:00:00,81979189
2015-09-02 00:00:00,82116932
2015-09-03 00:00:00,82254378
2015-09-04 00:00:00,82349786
2015-09-05 00:00:00,82487213
2015-09-06 00:00:00,82593314
2015-09-07 00:00:00,82712355
2015-09-08 00:00:00,82839106
2015-09-09 00:00:00,82967725
2015-09-10 00:00:00,83090508
2015-09-11 00:00:00,83255796
2015-09-12 00:00:00,83409334
2015-09-13 00:00:00,83548654
2015-09-14 00:00:00,83712185
2015-09-15 00:00:00,83878178
2015-09-16 00:00:00,84047237
2015-09-17 00:00:00,84288583
2015-09-18 00:00:00,84476913
2015-09-19 00:00:00,84594912
2015-09-20 00:00:00,84700845
2015-09-21 00:00:00,84825512
2015-09-22 00:00:00,84962334
2015-09-23 00:00:00,85097298
2015-09-24 00:00:00,85222120
2015-09-25 00:00:00,85352860
2015-09-26 00:00:00,85472454
2015-09-27 00:00:00,85579710
2015-09-28 00:00:00,85710595
2015-09-29 00:00:00,85850035
2015-09-30 00:00:00,85991386
2015-10-01 00:00:00,86127271
2015-10-02 00:00:00,86263212
2015-10-03 00:00:00,86396092
2015-10-04 00:00:00,86496950
2015-10-05 00:00:00,86614478
2015-10-06 00:00:00,86756824
2015-10-07 00:00:00,86896340
2015-10-08 00:00:00,87035930
2015-10-09 00:00:00,87155420
2015-10-10 00:00:00,87284038
2015-10-11 00:00:00,87389916
2015-10-12 00:00:00,87516843
2015-10-13 00:00:00,87650600
2015-10-14 00:00:00,87786859
2015-10-15 00:00:00,87944087
2015-10-16 00:00:00,88087972
2015-10-17 00:00:00,88227280
2015-10-18 00:00:00,88348138
2015-10-19 00:00:00,88484721
2015-10-20 00:00:00,88622801
2015-10-21 00:00:00,88783832
2015-10-22 00:00:00,88933723
2015-10-23 00:00:00,89079945
2015-10-24 00:00:00,89220772
2015-10-25 00:00:00,89348981
2015-10-26 00:00:00,89475022
2015-10-27 00:00:00,89616631
2015-10-28 00:00:00,89771405
2015-10-29 00:00:00,89937027
2015-10-30 00:00:00,90101965
2015-10-31 00:00:00,90257257
2015-11-01 00:00:00,90413905
2015-11-02 00:00:00,90573561
2015-11-03 00:00:00,90751588
2015-11-04 00:00:00,90962709
2015-11-05 00:00:00,91152035
2015-11-06 00:00:00,91317249
2015-11-07 00:00:00,91478844
2015-11-08 00:00:00,91613629
2015-11-09 00:00:00,91766424
2015-11-10 00:00:00,91920454
2015-11-11 00:00:00,92091613
2015-11-12 00:00:00,92245832
2015-11-13 00:00:00,92402820
2015-11-14 00:00:00,92558885
2015-11-15 00:00:00,92697352
2015-11-16 00:00:00,92848294
2015-11-17 00:00:00,93006548
2015-11-18 00:00:00,93175135
2015-11-19 00:00:00,93329696
2015-11-20 00:00:00,93484824
2015-11-21 00:00:00,93643676
2015-11-22 00:00:00,93770240
2015-11-23 00:00:00,93912938
2015-11-24 00:00:00,94062994
2015-11-25 00:00:00,94215457
2015-11-26 00:00:00,94380187
2015-11-27 00:00:00,94536926
2015-11-28 00:00:00,94708528
2015-11-29 00:00:00,94839286
2015-11-30 00:00:00,95011469
2015-12-01 00:00:00,95195873
2015-12-02 00:00:00,95373150
2015-12-03 00:00:00,95543467
2015-12-04 00:00:00,95704411
2015-12-05 00:00:00,95904624
2015-12-06 00:00:00,96084401
2015-12-07 00:00:00,96270189
2015-12-08 00:00:00,96462286
2015-12-09 00:00:00,96684789
2015-12-10 00:00:00,96896241
2015-12-11 00:00:00,97107439
2015-12-12 00:00:00,97318895
2015-12-13 00:00:00,97505046
2015-12-14 00:00:00,97726545
2015-12-15 00:00:00,97954251
2015-12-16 00:00:00,98176782
2015-12-17 00:00:00,98396382
2015-12-18 00:00:00,98610769
2015-12-19 00:00:00,98827713
2015-12-20 00:00:00,99019154
2015-12-21 00:00:00,99241266
2015-12-22 00:00:00,99464396
2015-12-23 00:00:00,99685685
2015-12-24 00:00:00,99912874
2015-12-25 00:00:00,100096998
2015-12-26 00:00:00,100267902
2015-12-27 00:00:00,100424456
2015-12-28 00:00:00,100591293
2015-12-29 00:00:00,100778333
2015-12-30 00:00:00,100960169
2015-12-31 00:00:00,101124301
2016-01-01 00:00:00,101247924
2016-01-02 00:00:00,101390828
2016-01-03 00:00:00,101531892
2016-01-04 00:00:00,101702068
2016-01-05 00:00:00,101889080
2016-01-06 00:00:00,102066558
2016-01-07 00:00:00,102244431
2016-01-08 00:00:00,102434432
2016-01-09 00:00:00,102612806
2016-01-10 00:00:00,102777493
2016-01-11 00:00:00,102957264
2016-01-12 00:00:00,103153920
2016-01-13 00:00:00,103345548
2016-01-14 00:00:00,103528938
2016-01-15 00:00:00,103714043
2016-01-16 00:00:00,103904344
2016-01-17 00:00:00,104097075
2016-01-18 00:00:00,104311009
2016-01-19 00:00:00,104516744
2016-01-20 00:00:00,104712777
2016-01-21 00:00:00,104923017
2016-01-22 00:00:00,105149123
2016-01-23 00:00:00,105350036
2016-01-24 00:00:00,105543608
2016-01-25 00:00:00,105754200
2016-01-26 00:00:00,105990375
2016-01-27 00:00:00,106216760
2016-01-28 00:00:00,106448214
2016-01-29 00:00:00,106670836
2016-01-30 00:00:00,106880820
2016-01-31 00:00:00,107049445
2016-02-01 00:00:00,107271209
2016-02-02 00:00:00,107503207
2016-02-03 00:00:00,107703294
2016-02-04 00:00:00,107904359
2016-02-05 00:00:00,108120269
2016-02-06 00:00:00,108353021
2016-02-07 00:00:00,108565155
2016-02-08 00:00:00,108785714
2016-02-09 00:00:00,109016513
2016-02-10 00:00:00,109250454
2016-02-11 00:00:00,109477917
2016-02-12 00:00:00,109680823
2016-02-13 00:00:00,109871383
2016-02-14 00:00:00,110060310
2016-02-15 00:00:00,110267707
2016-02-16 00:00:00,110486487
2016-02-17 00:00:00,110713890
2016-02-18 00:00:00,110926655
2016-02-19 00:00:00,111142207
2016-02-20 00:00:00,111367466
2016-02-21 00:00:00,111576742
2016-02-22 00:00:00,111801706
2016-02-23 00:00:00,112048284
2016-02-24 00:00:00,112273396
2016-02-25 00:00:00,112492095
2016-02-26 00:00:00,112701975
2016-02-27 00:00:00,112884398
2016-02-28 00:00:00,113109095
2016-02-29 00:00:00,113374790
2016-03-01 00:00:00,113635409
2016-03-02 00:00:00,113911857
2016-03-03 00:00:00,114133114
2016-03-04 00:00:00,114345218
2016-03-05 00:00:00,114583335
2016-03-06 00:00:00,114754821
2016-03-07 00:00:00,114938351
2016-03-08 00:00:00,115132280
2016-03-09 00:00:00,115319903
2016-03-10 00:00:00,115512514
2016-03-11 00:00:00,115706388
2016-03-12 00:00:00,115881816
2016-03-13 00:00:00,116022932
2016-03-14 00:00:00,116210333
2016-03-15 00:00:00,116408010
2016-03-16 00:00:00,116623983
2016-03-17 00:00:00,116830956
2016-03-18 00:00:00,117034534
2016-03-19 00:00:00,117223397
2016-03-20 00:00:00,117399360
2016-03-21 00:00:00,117588588
2016-03-22 00:00:00,117799076
2016-03-23 00:00:00,117986953
2016-03-24 00:00:00,118181938
2016-03-25 00:00:00,118355547
2016-03-26 00:00:00,118517945
2016-03-27 00:00:00,118679431
2016-03-28 00:00:00,118860731
2016-03-29 00:00:00,119052572
2016-03-30 00:00:00,119260478
2016-03-31 00:00:00,119469454
2016-04-01 00:00:00,119673265
2016-04-02 00:00:00,119869916
2016-04-03 00:00:00,120046638
2016-04-04 00:00:00,120247617
2016-04-05 00:00:00,120464301
2016-04-06 00:00:00,120682886
2016-04-07 00:00:00,120902801
2016-04-08 00:00:00,121118242
2016-04-09 00:00:00,121325797
2016-04-10 00:00:00,121507459
2016-04-11 00:00:00,121724837
2016-04-12 00:00:00,121965037
2016-04-13 00:00:00,122187748
2016-04-14 00:00:00,122418029
2016-04-15 00:00:00,122634879
2016-04-16 00:00:00,122827500
2016-04-17 00:00:00,123018978
2016-04-18 00:00:00,123222143
2016-04-19 00:00:00,123449938
2016-04-20 00:00:00,123666718
2016-04-21 00:00:00,123879513
2016-04-22 00:00:00,124090489
2016-04-23 00:00:00,124275705
2016-04-24 00:00:00,124458860
2016-04-25 00:00:00,124676424
2016-04-26 00:00:00,124927168
2016-04-27 00:00:00,125166603
2016-04-28 00:00:00,125414561
2016-04-29 00:00:00,125676445
2016-04-30 00:00:00,125892157
2016-05-01 00:00:00,126083587
2016-05-02 00:00:00,126307372
2016-05-03 00:00:00,126542981
2016-05-04 00:00:00,126776674
2016-05-05 00:00:00,127006254
2016-05-06 00:00:00,127239486
2016-05-07 00:00:00,127441548
2016-05-08 00:00:00,127627110
2016-05-09 00:00:00,127853561
2016-05-10 00:00:00,128099282
2016-05-11 00:00:00,128333694
2016-05-12 00:00:00,128562103
2016-05-13 00:00:00,128794249
2016-05-14 00:00:00,129005529
2016-05-15 00:00:00,129205700
2016-05-16 00:00:00,129445509
2016-05-17 00:00:00,129684135
2016-05-18 00:00:00,129919219
2016-05-19 00:00:00,130138365
2016-05-20 00:00:00,130347761
2016-05-21 00:00:00,130539222
2016-05-22 00:00:00,130723570
2016-05-23 00:00:00,130946325
2016-05-24 00:00:00,131192842
2016-05-25 00:00:00,131440686
2016-05-26 00:00:00,131660779
2016-05-27 00:00:00,131876075
2016-05-28 00:00:00,132069129
2016-05-29 00:00:00,132247871
2016-05-30 00:00:00,132459240
2016-05-31 00:00:00,132674489
2016-06-01 00:00:00,132908874
2016-06-02 00:00:00,133139973
2016-06-03 00:00:00,133374642
2016-06-04 00:00:00,133571307
2016-06-05 00:00:00,133761835
2016-06-06 00:00:00,133983006
2016-06-07 00:00:00,134231582
2016-06-08 00:00:00,134461515
2016-06-09 00:00:00,134697868
2016-06-10 00:00:00,134926235
2016-06-11 00:00:00,135139394
2016-06-12 00:00:00,135350105
2016-06-13 00:00:00,135601459
2016-06-14 00:00:00,135849091
2016-06-15 00:00:00,136111601
2016-06-16 00:00:00,136379471
2016-06-17 00:00:00,136633223
2016-06-18 00:00:00,136869514
2016-06-19 00:00:00,137087812
2016-06-20 00:00:00,137337146
2016-06-21 00:00:00,137585310
2016-06-22 00:00:00,137820951
2016-06-23 00:00:00,138062251
2016-06-24 00:00:00,138301139
2016-06-25 00:00:00,138512137
2016-06-26 00:00:00,138695892
2016-06-27 00:00:00,138912921
2016-06-28 00:00:00,139125979
2016-06-29 00:00:00,139350091
2016-06-30 00:00:00,139582051
2016-07-01 00:00:00,139792460
2016-07-02 00:00:00,139991335
2016-07-03 00:00:00,140168462
2016-07-04 00:00:00,140382362
2016-07-05 00:00:00,140597321
2016-07-06 00:00:00,140812012
2016-07-07 00:00:00,141028824
2016-07-08 00:00:00,141239525
2016-07-09 00:00:00,141424930
2016-07-10 00:00:00,141587538
2016-07-11 00:00:00,141805627
2016-07-12 00:00:00,142024661
2016-07-13 00:00:00,142242754
2016-07-14 00:00:00,142463409
2016-07-15 00:00:00,142679490
2016-07-16 00:00:00,142861682
2016-07-17 00:00:00,143032695
2016-07-18 00:00:00,143258522
2016-07-19 00:00:00,143480668
2016-07-20 00:00:00,143708097
2016-07-21 00:00:00,143925703
2016-07-22 00:00:00,144147107
2016-07-23 00:00:00,144342903
2016-07-24 00:00:00,144529424
2016-07-25 00:00:00,144769957
2016-07-26 00:00:00,145007630
2016-07-27 00:00:00,145243233
2016-07-28 00:00:00,145480179
2016-07-29 00:00:00,145711593
2016-07-30 00:00:00,145911077
2016-07-31 00:00:00,146103331
2016-08-01 00:00:00,146328380
2016-08-02 00:00:00,146580632
2016-08-03 00:00:00,146826181
2016-08-04 00:00:00,147058016
2016-08-05 00:00:00,147286260
2016-08-06 00:00:00,147482811
2016-08-07 00:00:00,147675225
2016-08-08 00:00:00,147911516
2016-08-09 00:00:00,148145220
2016-08-10 00:00:00,148390801
2016-08-11 00:00:00,148645316
2016-08-12 00:00:00,148878289
2016-08-13 00:00:00,149095546
2016-08-14 00:00:00,149296123
2016-08-15 00:00:00,149499019
2016-08-16 00:00:00,149755466
2016-08-17 00:00:00,149993469
2016-08-18 00:00:00,150233010
2016-08-19 00:00:00,150479105
2016-08-20 00:00:00,150689457
2016-08-21 00:00:00,150874361
2016-08-22 00:00:00,151104162
2016-08-23 00:00:00,151343183
2016-08-24 00:00:00,151581139
2016-08-25 00:00:00,151815148
2016-08-26 00:00:00,152041915
2016-08-27 00:00:00,152233013
2016-08-28 00:00:00,152407502
2016-08-29 00:00:00,152632784
2016-08-30 00:00:00,152887270
2016-08-31 00:00:00,153113647
2016-09-01 00:00:00,153351854
2016-09-02 00:00:00,153577710
2016-09-03 00:00:00,153759914
2016-09-04 00:00:00,153943158
2016-09-05 00:00:00,154170841
2016-09-06 00:00:00,154402959
2016-09-07 00:00:00,154653768
2016-09-08 00:00:00,154880774
2016-09-09 00:00:00,155102868
2016-09-10 00:00:00,155296188
2016-09-11 00:00:00,155476579
2016-09-12 00:00:00,155685228
2016-09-13 00:00:00,155926443
2016-09-14 00:00:00,156158243
2016-09-15 00:00:00,156391731
2016-09-16 00:00:00,156604873
2016-09-17 00:00:00,156820402
2016-09-18 00:00:00,157012005
2016-09-19 00:00:00,157235545
2016-09-20 00:00:00,157483532
2016-09-21 00:00:00,157722748
2016-09-22 00:00:00,157953975
2016-09-23 00:00:00,158177162
2016-09-24 00:00:00,158387672
2016-09-25 00:00:00,158584970
2016-09-26 00:00:00,158815739
2016-09-27 00:00:00,159058747
2016-09-28 00:00:00,159293742
2016-09-29 00:00:00,159536472
2016-09-30 00:00:00,159787415
2016-10-01 00:00:00,160001345
2016-10-02 00:00:00,160194028
2016-10-03 00:00:00,160454841
2016-10-04 00:00:00,160719503
2016-10-05 00:00:00,160986314
2016-10-06 00:00:00,161260800
2016-10-07 00:00:00,161529219
2016-10-08 00:00:00,161779891
2016-10-09 00:00:00,161990439
2016-10-10 00:00:00,162215213
2016-10-11 00:00:00,162478778
2016-10-12 00:00:00,162714442
2016-10-13 00:00:00,162944145
2016-10-14 00:00:00,163183869
2016-10-15 00:00:00,163394317
2016-10-16 00:00:00,163592193
2016-10-17 00:00:00,163829425
2016-10-18 00:00:00,164080946
2016-10-19 00:00:00,164281971
2016-10-20 00:00:00,164552351
2016-10-21 00:00:00,164817706
2016-10-22 00:00:00,165034414
2016-10-23 00:00:00,165225992
2016-10-24 00:00:00,165452972
2016-10-25 00:00:00,165690002
2016-10-26 00:00:00,165915926
2016-10-27 00:00:00,166242314
2016-10-28 00:00:00,166493190
2016-10-29 00:00:00,166722879
2016-10-30 00:00:00,166932216
2016-10-31 00:00:00,167173994
2016-11-01 00:00:00,167420644
2016-11-02 00:00:00,167689062
2016-11-03 00:00:00,167962400
2016-11-04 00:00:00,168210443
2016-11-05 00:00:00,168452475
2016-11-06 00:00:00,168680895
2016-11-07 00:00:00,168955176
2016-11-08 00:00:00,169251236
2016-11-09 00:00:00,169521331
2016-11-10 00:00:00,169792705
2016-11-11 00:00:00,170047324
2016-11-12 00:00:00,170276210
2016-11-13 00:00:00,170497538
2016-11-14 00:00:00,170768044
2016-11-15 00:00:00,171048396
2016-11-16 00:00:00,171339582
2016-11-17 00:00:00,171617042
2016-11-18 00:00:00,171892967
2016-11-19 00:00:00,172142727
2016-11-20 00:00:00,172389264
2016-11-21 00:00:00,172676678
2016-11-22 00:00:00,172962313
2016-11-23 00:00:00,173239237
2016-11-24 00:00:00,173572703
2016-11-25 00:00:00,173888090
2016-11-26 00:00:00,174167464
2016-11-27 00:00:00,174404853
2016-11-28 00:00:00,174703383
2016-11-29 00:00:00,174997523
2016-11-30 00:00:00,175290177
2016-12-01 00:00:00,175529859
2016-12-02 00:00:00,175848122
2016-12-03 00:00:00,176136110
2016-12-04 00:00:00,176381760
2016-12-05 00:00:00,176659761
2016-12-06 00:00:00,176979523
2016-12-07 00:00:00,177290884
2016-12-08 00:00:00,177573595
2016-12-09 00:00:00,177842410
2016-12-10 00:00:00,178092651
2016-12-11 00:00:00,178325495
2016-12-12 00:00:00,178594157
2016-12-13 00:00:00,178885914
2016-12-14 00:00:00,179172242
2016-12-15 00:00:00,179454927
2016-12-16 00:00:00,179734288
2016-12-17 00:00:00,179973322
2016-12-18 00:00:00,180209111
2016-12-19 00:00:00,180493963
2016-12-20 00:00:00,180790436
2016-12-21 00:00:00,181116113
2016-12-22 00:00:00,181430757
2016-12-23 00:00:00,181735754
2016-12-24 00:00:00,181976574
2016-12-25 00:00:00,182176188
2016-12-26 00:00:00,182421102
2016-12-27 00:00:00,182717648
2016-12-28 00:00:00,183023042
2016-12-29 00:00:00,183327647
2016-12-30 00:00:00,183614465
2016-12-31 00:00:00,183864738
2017-01-01 00:00:00,184045240
2017-01-02 00:00:00,184338922
2017-01-03 00:00:00,184640586
2017-01-04 00:00:00,184970750
2017-01-05 00:00:00,185259251
2017-01-06 00:00:00,185605656
2017-01-07 00:00:00,185890375
2017-01-08 00:00:00,186150476
2017-01-09 00:00:00,186420423
2017-01-10 00:00:00,186744311
2017-01-11 00:00:00,187047369
2017-01-12 00:00:00,187345125
2017-01-13 00:00:00,187620274
2017-01-14 00:00:00,187862543
2017-01-15 00:00:00,188098542
2017-01-16 00:00:00,188366182
2017-01-17 00:00:00,188658879
2017-01-18 00:00:00,188957630
2017-01-19 00:00:00,189258235
2017-01-20 00:00:00,189556612
2017-01-21 00:00:00,189820174
2017-01-22 00:00:00,190057060
2017-01-23 00:00:00,190293752
2017-01-24 00:00:00,190571929
2017-01-25 00:00:00,190877890
2017-01-26 00:00:00,191195794
2017-01-27 00:00:00,191459126
2017-01-28 00:00:00,191705521
2017-01-29 00:00:00,191947148
2017-01-30 00:00:00,192197977
2017-01-31 00:00:00,192505660
2017-02-01 00:00:00,192856220
2017-02-02 00:00:00,193115779
2017-02-03 00:00:00,193439342
2017-02-04 00:00:00,193725668
2017-02-05 00:00:00,194017769
2017-02-06 00:00:00,194247796
2017-02-07 00:00:00,194573064
2017-02-08 00:00:00,194881380
2017-02-09 00:00:00,195227924
2017-02-10 00:00:00,195532380
2017-02-11 00:00:00,195795066
2017-02-12 00:00:00,196033248
2017-02-13 00:00:00,196321538
2017-02-14 00:00:00,196636622
2017-02-15 00:00:00,196931408
2017-02-16 00:00:00,197216737
2017-02-17 00:00:00,197536504
2017-02-18 00:00:00,197824653
2017-02-19 00:00:00,198076374
2017-02-20 00:00:00,198359102
2017-02-21 00:00:00,198638192
2017-02-22 00:00:00,198922216
2017-02-23 00:00:00,199248129
2017-02-24 00:00:00,199598880
2017-02-25 00:00:00,199925401
2017-02-26 00:00:00,200190604
2017-02-27 00:00:00,200475159
2017-02-28 00:00:00,200800573
2017-03-01 00:00:00,201116456
2017-03-02 00:00:00,201445884
2017-03-03 00:00:00,201783194
2017-03-04 00:00:00,202052069
2017-03-05 00:00:00,202332808
2017-03-06 00:00:00,202620539
2017-03-07 00:00:00,202948441
2017-03-08 00:00:00,203245549
2017-03-09 00:00:00,203549181
2017-03-10 00:00:00,203857663
2017-03-11 00:00:00,204138344
2017-03-12 00:00:00,204359454
2017-03-13 00:00:00,204632533
2017-03-14 00:00:00,204942928
2017-03-15 00:00:00,205235362
2017-03-16 00:00:00,205562396
2017-03-17 00:00:00,205854592
2017-03-18 00:00:00,206118122
2017-03-19 00:00:00,206389361
2017-03-20 00:00:00,206666394
2017-03-21 00:00:00,206954449
2017-03-22 00:00:00,207275162
2017-03-23 00:00:00,207563033
2017-03-24 00:00:00,207852554
2017-03-25 00:00:00,208095529
2017-03-26 00:00:00,208317444
2017-03-27 00:00:00,208549735
2017-03-28 00:00:00,208843736
2017-03-29 00:00:00,209127667
2017-03-30 00:00:00,209416455
2017-03-31 00:00:00,209675858
2017-04-01 00:00:00,209931729
2017-04-02 00:00:00,210175932
2017-04-03 00:00:00,210464073
2017-04-04 00:00:00,210720088
2017-04-05 00:00:00,211036643
2017-04-06 00:00:00,211327108
2017-04-07 00:00:00,211622571
2017-04-08 00:00:00,211849530
2017-04-09 00:00:00,212087816
2017-04-10 00:00:00,212363312
2017-04-11 00:00:00,212671205
2017-04-12 00:00:00,212949298
2017-04-13 00:00:00,213177977
2017-04-14 00:00:00,213468185
2017-04-15 00:00:00,213740161
2017-04-16 00:00:00,213951990
2017-04-17 00:00:00,214197174
2017-04-18 00:00:00,214500265
2017-04-19 00:00:00,214810369
2017-04-20 00:00:00,215079994
2017-04-21 00:00:00,215410348
2017-04-22 00:00:00,215679060
2017-04-23 00:00:00,215924099
2017-04-24 00:00:00,216146770
2017-04-25 00:00:00,216472157
2017-04-26 00:00:00,216806628
2017-04-27 00:00:00,217104512
2017-04-28 00:00:00,217409783
2017-04-29 00:00:00,217751102
2017-04-30 00:00:00,218032591
2017-05-01 00:00:00,218327377
2017-05-02 00:00:00,218660538
2017-05-03 00:00:00,218955687
2017-05-04 00:00:00,219310424
2017-05-05 00:00:00,219577617
2017-05-06 00:00:00,219940639
2017-05-07 00:00:00,220256650
2017-05-08 00:00:00,220621746
2017-05-09 00:00:00,220954625
2017-05-10 00:00:00,221266016
2017-05-11 00:00:00,221560759
2017-05-12 00:00:00,221878457
2017-05-13 00:00:00,222207723
2017-05-14 00:00:00,222576821
2017-05-15 00:00:00,222906050
2017-05-16 00:00:00,223140027
2017-05-17 00:00:00,223457554
2017-05-18 00:00:00,223746458
2017-05-19 00:00:00,224065960
2017-05-20 00:00:00,224418765
2017-05-21 00:00:00,224744822
2017-05-22 00:00:00,225072690
2017-05-23 00:00:00,225440400
2017-05-24 00:00:00,225779042
2017-05-25 00:00:00,226129156
2017-05-26 00:00:00,226462496
2017-05-27 00:00:00,226794410
2017-05-28 00:00:00,227102553
2017-05-29 00:00:00,227424191
2017-05-30 00:00:00,227772152
2017-05-31 00:00:00,228093786
2017-06-01 00:00:00,228413495
2017-06-02 00:00:00,228685034
2017-06-03 00:00:00,228990354
2017-06-04 00:00:00,229256398
2017-06-05 00:00:00,229546328
2017-06-06 00:00:00,229843744
2017-06-07 00:00:00,230183464
2017-06-08 00:00:00,230490841
2017-06-09 00:00:00,230773025
2017-06-10 00:00:00,231028018
2017-06-11 00:00:00,231250910
2017-06-12 00:00:00,231520008
2017-06-13 00:00:00,231811784
2017-06-14 00:00:00,232099428
2017-06-15 00:00:00,232392569
2017-06-16 00:00:00,232662506
2017-06-17 00:00:00,232899060
2017-06-18 00:00:00,233108419
2017-06-19 00:00:00,233378193
2017-06-20 00:00:00,233647631
2017-06-21 00:00:00,233927834
2017-06-22 00:00:00,234197519
2017-06-23 00:00:00,234457457
2017-06-24 00:00:00,234684584
2017-06-25 00:00:00,234865303
2017-06-26 00:00:00,235127209
2017-06-27 00:00:00,235386946
2017-06-28 00:00:00,235666757
2017-06-29 00:00:00,235897811
2017-06-30 00:00:00,236165171
2017-07-01 00:00:00,236387027
2017-07-02 00:00:00,236583566
2017-07-03 00:00:00,236836810
2017-07-04 00:00:00,237092293
2017-07-05 00:00:00,237329301
2017-07-06 00:00:00,237554407
2017-07-07 00:00:00,237798021
2017-07-08 00:00:00,238018856
2017-07-09 00:00:00,238206980
2017-07-10 00:00:00,238458702
2017-07-11 00:00:00,238724461
2017-07-12 00:00:00,238981599
2017-07-13 00:00:00,239227494
2017-07-14 00:00:00,239455397
2017-07-15 00:00:00,239677248
2017-07-16 00:00:00,239880413
2017-07-17 00:00:00,240110728
2017-07-18 00:00:00,240371303
2017-07-19 00:00:00,240625071
2017-07-20 00:00:00,240855270
2017-07-21 00:00:00,241123713
2017-07-22 00:00:00,241347071
2017-07-23 00:00:00,241528102
2017-07-24 00:00:00,241768174
2017-07-25 00:00:00,242012210
2017-07-26 00:00:00,242250063
2017-07-27 00:00:00,242475432
2017-07-28 00:00:00,242722639
2017-07-29 00:00:00,242933773
2017-07-30 00:00:00,243117918
2017-07-31 00:00:00,243348930
2017-08-01 00:00:00,243480805
2017-08-02 00:00:00,243690126
2017-08-03 00:00:00,243903143
2017-08-04 00:00:00,244138935
2017-08-05 00:00:00,244378706
2017-08-06 00:00:00,244578333
2017-08-07 00:00:00,244827335
2017-08-08 00:00:00,245102909
2017-08-09 00:00:00,245363864
2017-08-10 00:00:00,245621829
2017-08-11 00:00:00,245905830
2017-08-12 00:00:00,246166351
2017-08-13 00:00:00,246429661
2017-08-14 00:00:00,246685023
2017-08-15 00:00:00,246996025
2017-08-16 00:00:00,247270891
2017-08-17 00:00:00,247618210
2017-08-18 00:00:00,247930460
2017-08-19 00:00:00,248197292
2017-08-20 00:00:00,248408144
2017-08-21 00:00:00,248644916
2017-08-22 00:00:00,248841199
2017-08-23 00:00:00,249156933
2017-08-24 00:00:00,249360738
2017-08-25 00:00:00,249568907
2017-08-26 00:00:00,249795392
2017-08-27 00:00:00,250057283
2017-08-28 00:00:00,250281054
2017-08-29 00:00:00,250562170
2017-08-30 00:00:00,250833636
2017-08-31 00:00:00,251114360
2017-09-01 00:00:00,251398030
2017-09-02 00:00:00,251634841
2017-09-03 00:00:00,251830130
2017-09-04 00:00:00,252099410
2017-09-05 00:00:00,252377358
2017-09-06 00:00:00,252653583
2017-09-07 00:00:00,252909957
2017-09-08 00:00:00,253189445
2017-09-09 00:00:00,253407335
2017-09-10 00:00:00,253600575
2017-09-11 00:00:00,253854067
2017-09-12 00:00:00,254110297
2017-09-13 00:00:00,254373617
2017-09-14 00:00:00,254641685
2017-09-15 00:00:00,254933764
2017-09-16 00:00:00,255162021
2017-09-17 00:00:00,255359704
2017-09-18 00:00:00,255577908
2017-09-19 00:00:00,255860825
2017-09-20 00:00:00,256096548
2017-09-21 00:00:00,256351805
2017-09-22 00:00:00,256579420
2017-09-23 00:00:00,256783281
2017-09-24 00:00:00,256968558
2017-09-25 00:00:00,257195161
2017-09-26 00:00:00,257458809
2017-09-27 00:00:00,257716770
2017-09-28 00:00:00,257992746
2017-09-29 00:00:00,258247184
2017-09-30 00:00:00,258459862
2017-10-01 00:00:00,258663515
2017-10-02 00:00:00,258958517
2017-10-03 00:00:00,259240649
2017-10-04 00:00:00,259473475
2017-10-05 00:00:00,259746718
2017-10-06 00:00:00,260030417
2017-10-07 00:00:00,260261643
2017-10-08 00:00:00,260500028
2017-10-09 00:00:00,260796974
2017-10-10 00:00:00,261100075
2017-10-11 00:00:00,261392534
2017-10-12 00:00:00,261685698
2017-10-13 00:00:00,261995517
2017-10-14 00:00:00,262288657
2017-10-15 00:00:00,262572130
2017-10-16 00:00:00,262886855
2017-10-17 00:00:00,263221293
2017-10-18 00:00:00,263550872
2017-10-19 00:00:00,263907857
2017-10-20 00:00:00,264220266
2017-10-21 00:00:00,264532523
2017-10-22 00:00:00,264821654
2017-10-23 00:00:00,265137750
2017-10-24 00:00:00,265484970
2017-10-25 00:00:00,265800385
2017-10-26 00:00:00,266066212
2017-10-27 00:00:00,266312904
2017-10-28 00:00:00,266519970
2017-10-29 00:00:00,266853995
2017-10-30 00:00:00,267170072
2017-10-31 00:00:00,267447607
2017-11-01 00:00:00,267689395
2017-11-02 00:00:00,268030869
2017-11-03 00:00:00,268308467
2017-11-04 00:00:00,268602588
2017-11-05 00:00:00,268854316
2017-11-06 00:00:00,269125345
2017-11-07 00:00:00,269460981
2017-11-08 00:00:00,269762327
2017-11-09 00:00:00,270103608
2017-11-10 00:00:00,270375353
2017-11-11 00:00:00,270569987
2017-11-12 00:00:00,270755953
2017-11-13 00:00:00,271065252
2017-11-14 00:00:00,271337247
2017-11-15 00:00:00,271659035
2017-11-16 00:00:00,271969431
2017-11-17 00:00:00,272276048
2017-11-18 00:00:00,272546922
2017-11-19 00:00:00,272811777
2017-11-20 00:00:00,273147981
2017-11-21 00:00:00,273519072
2017-11-22 00:00:00,273775781
2017-11-23 00:00:00,274127988
2017-11-24 00:00:00,274433723
2017-11-25 00:00:00,274770412
2017-11-26 00:00:00,275100089
2017-11-27 00:00:00,275479345
2017-11-28 00:00:00,275845322
2017-11-29 00:00:00,276243412
2017-11-30 00:00:00,276627798
2017-12-01 00:00:00,277040706
2017-12-02 00:00:00,277367060
2017-12-03 00:00:00,277720104
2017-12-04 00:00:00,278120790
2017-12-05 00:00:00,278526499
2017-12-06 00:00:00,278970086
2017-12-07 00:00:00,279342431
2017-12-08 00:00:00,279727523
2017-12-09 00:00:00,280130922
2017-12-10 00:00:00,280472342
2017-12-11 00:00:00,280840940
2017-12-12 00:00:00,281213917
2017-12-13 00:00:00,281638496
2017-12-14 00:00:00,282129140
2017-12-15 00:00:00,282534816
2017-12-16 00:00:00,282899038
2017-12-17 00:00:00,283290948
2017-12-18 00:00:00,283685187
2017-12-19 00:00:00,284063809
2017-12-20 00:00:00,284434086
2017-12-21 00:00:00,284769568
2017-12-22 00:00:00,285150216
2017-12-23 00:00:00,285458427
2017-12-24 00:00:00,285737950
2017-12-25 00:00:00,285966876
2017-12-26 00:00:00,286214316
2017-12-27 00:00:00,286521958
2017-12-28 00:00:00,286827011
2017-12-29 00:00:00,287180835
2017-12-30 00:00:00,287525242
2017-12-31 00:00:00,287815664
2018-01-01 00:00:00,288057421
2018-01-02 00:00:00,288398401
2018-01-03 00:00:00,288794364
2018-01-04 00:00:00,289219372
2018-01-05 00:00:00,289562079
2018-01-06 00:00:00,289920926
2018-01-07 00:00:00,290289113
2018-01-08 00:00:00,290634785
2018-01-09 00:00:00,290995050
2018-01-10 00:00:00,291342443
2018-01-11 00:00:00,291680402
2018-01-12 00:00:00,291980493
2018-01-13 00:00:00,292246228
2018-01-14 00:00:00,292481273
2018-01-15 00:00:00,292754896
2018-01-16 00:00:00,293058621
2018-01-17 00:00:00,293374392
2018-01-18 00:00:00,293683887
2018-01-19 00:00:00,293927506
2018-01-20 00:00:00,294168117
2018-01-21 00:00:00,294383739
2018-01-22 00:00:00,294629301
2018-01-23 00:00:00,294901237
