2013-01-25 00:00:00,1488829.4472000003
2013-01-26 00:00:00,669916.2714
2013-01-27 00:00:00,527616.7337
2013-01-28 00:00:00,1207193.9555
2013-01-29 00:00:00,1887662.5944000003
2013-01-30 00:00:00,987231.4995
2013-01-31 00:00:00,2259602.8338
2013-02-01 00:00:00,1164197.3939999999
2013-02-02 00:00:00,1722750.2275999999
2013-02-03 00:00:00,801972.5147999999
2013-02-04 00:00:00,1198782.5746
2013-02-05 00:00:00,695043.9712
2013-02-06 00:00:00,1255853.6143999998
2013-02-07 00:00:00,1592660.9390000002
2013-02-08 00:00:00,1192051.616
2013-02-09 00:00:00,982727.268
2013-02-10 00:00:00,1423219.1435
2013-02-11 00:00:00,864351.2283999999
2013-02-12 00:00:00,2176732.6503999997
2013-02-13 00:00:00,2488708.3392
2013-02-14 00:00:00,4124577.6264000004
2013-02-15 00:00:00,1576567.993
2013-02-16 00:00:00,664307.0038000001
2013-02-17 00:00:00,2298825.745
2013-02-18 00:00:00,920305.8809999999
2013-02-19 00:00:00,3177223.4228000003
2013-02-20 00:00:00,1255700.1968
2013-02-21 00:00:00,1191756.7704
2013-02-22 00:00:00,2324984.6744
2013-02-23 00:00:00,2323418.9142
2013-02-24 00:00:00,791910.7875
2013-02-25 00:00:00,890787.5352
2013-02-26 00:00:00,1531583.034
2013-02-27 00:00:00,1177542.2567999999
2013-02-28 00:00:00,4512572.826300001
2013-03-01 00:00:00,1551053.6249
2013-03-02 00:00:00,1347223.0344
2013-03-03 00:00:00,502941.2404
2013-03-04 00:00:00,2018751.0398000001
2013-03-05 00:00:00,3748440.9072000002
2013-03-06 00:00:00,6397899.589799999
2013-03-07 00:00:00,7293703.9309
2013-03-08 00:00:00,2271675.174
2013-03-09 00:00:00,2264404.3504
2013-03-10 00:00:00,1871652.692
2013-03-11 00:00:00,2298164.6666
2013-03-12 00:00:00,8779856.157
2013-03-13 00:00:00,2668790.2528
2013-03-14 00:00:00,2055387.0964
2013-03-15 00:00:00,1111936.7388
2013-03-16 00:00:00,906857.6236
2013-03-17 00:00:00,836863.2785
2013-03-18 00:00:00,3748819.5905999998
2013-03-19 00:00:00,7148213.686500001
2013-03-20 00:00:00,6532515.9765
2013-03-21 00:00:00,7709065.1822
2013-03-22 00:00:00,5875622.994000001
2013-03-23 00:00:00,10504089.375
2013-03-24 00:00:00,3345604.4686000003
2013-03-25 00:00:00,6785646.562999999
2013-03-26 00:00:00,5189443.5918000005
2013-03-27 00:00:00,7075844.0416
2013-03-28 00:00:00,14010359.883
2013-03-29 00:00:00,8234446.3261
2013-03-30 00:00:00,3806444.8434999995
2013-03-31 00:00:00,2292098.7824
2013-04-01 00:00:00,10645004.2216
2013-04-02 00:00:00,10613102.4144
2013-04-03 00:00:00,23873437.437000003
2013-04-04 00:00:00,13420075.112699999
2013-04-05 00:00:00,11616372.8302
2013-04-06 00:00:00,3866342.6783999996
2013-04-07 00:00:00,11693075.232299998
2013-04-08 00:00:00,25152477.613199998
2013-04-09 00:00:00,27213298.866
2013-04-10 00:00:00,46785404.8914
2013-04-11 00:00:00,28882031.450999998
2013-04-12 00:00:00,55774375.050900005
2013-04-13 00:00:00,31251771.869500004
2013-04-14 00:00:00,18178710.1419
2013-04-15 00:00:00,24936401.449199997
2013-04-16 00:00:00,43716430.880200006
2013-04-17 00:00:00,33633391.131
2013-04-18 00:00:00,20205021.906000003
2013-04-19 00:00:00,37320632.2794
2013-04-20 00:00:00,11246400.795000002
2013-04-21 00:00:00,16257302.8523
2013-04-22 00:00:00,9129724.5555
2013-04-23 00:00:00,19094278.085
2013-04-24 00:00:00,41383168.1575
2013-04-25 00:00:00,32191640.520000003
2013-04-26 00:00:00,20578994.275
2013-04-27 00:00:00,9815661.9
2013-04-28 00:00:00,4992243.921
2013-04-29 00:00:00,12886063.4124
2013-04-30 00:00:00,11520673.440599998
2013-05-01 00:00:00,27231236.2233
2013-05-02 00:00:00,30687919.996500004
2013-05-03 00:00:00,27972774.049499996
2013-05-04 00:00:00,18189055.8656
2013-05-05 00:00:00,11649114.640800001
2013-05-06 00:00:00,21490110.0621
2013-05-07 00:00:00,18288870.505599998
2013-05-08 00:00:00,8755455.5258
2013-05-09 00:00:00,4178571.9885
2013-05-10 00:00:00,11305377.519
2013-05-11 00:00:00,4114061.0856
2013-05-12 00:00:00,3081213.9625
2013-05-13 00:00:00,3968798.3286
2013-05-14 00:00:00,12283271.0667
2013-05-15 00:00:00,15504137.655999998
2013-05-16 00:00:00,6501368.465600001
2013-05-17 00:00:00,11635707.490000002
2013-05-18 00:00:00,3592511.0812
2013-05-19 00:00:00,3417224.632
2013-05-20 00:00:00,2925957.2895
2013-05-21 00:00:00,2506085.6166000003
2013-05-22 00:00:00,3576167.8848
2013-05-23 00:00:00,4350902.206
2013-05-24 00:00:00,8849327.648000002
2013-05-25 00:00:00,3257942.661
2013-05-26 00:00:00,4004846.9424
2013-05-27 00:00:00,7607801.691
2013-05-28 00:00:00,4089359.7098000003
2013-05-29 00:00:00,4158931.1309
2013-05-30 00:00:00,4862725.4473
2013-05-31 00:00:00,3082378.1955000004
2013-06-01 00:00:00,1443343.6919999998
2013-06-02 00:00:00,15111857.1422
2013-06-03 00:00:00,5095106.6568
2013-06-04 00:00:00,4027833.0690000006
2013-06-05 00:00:00,2955707.7165
2013-06-06 00:00:00,3469280.9151
2013-06-07 00:00:00,10381120.9005
2013-06-08 00:00:00,2949717.4381999997
2013-06-09 00:00:00,19289688.88
2013-06-10 00:00:00,8904894.163600001
2013-06-11 00:00:00,2667019.4964
2013-06-12 00:00:00,3196397.6659999997
2013-06-13 00:00:00,4592100.0292
2013-06-14 00:00:00,5204513.424000001
2013-06-15 00:00:00,2947662.7152
2013-06-16 00:00:00,1339124.8424
2013-06-17 00:00:00,2214316.1064
2013-06-18 00:00:00,8427353.5444
2013-06-19 00:00:00,2898261.5790000004
2013-06-20 00:00:00,6193938.1224
2013-06-21 00:00:00,6143518.4052
2013-06-22 00:00:00,1636878.477
2013-06-23 00:00:00,1807671.0820000002
2013-06-24 00:00:00,4587198.296
2013-06-25 00:00:00,10765750.287
2013-06-26 00:00:00,1952325.0957
2013-06-27 00:00:00,2158332.4707
2013-06-28 00:00:00,6882181.4474
2013-06-29 00:00:00,3143678.5308000003
2013-06-30 00:00:00,1273106.6658
2013-07-01 00:00:00,7629744.5774
2013-07-02 00:00:00,4045224.2845
2013-07-03 00:00:00,8559138.674999999
2013-07-04 00:00:00,7688366.207
2013-07-05 00:00:00,9963812.3974
2013-07-06 00:00:00,4524115.950999999
2013-07-07 00:00:00,3859606.632
2013-07-08 00:00:00,6565534.36
2013-07-09 00:00:00,4057731.7599
2013-07-10 00:00:00,7786461.281400001
2013-07-11 00:00:00,5140027.9938
2013-07-12 00:00:00,14015999.924699998
2013-07-13 00:00:00,4232479.392
2013-07-14 00:00:00,1843336.1934
2013-07-15 00:00:00,5024719.8024
2013-07-16 00:00:00,2736400.24
2013-07-17 00:00:00,2598642.4359999998
2013-07-18 00:00:00,7713499.650100001
2013-07-19 00:00:00,3460576.9605000005
2013-07-20 00:00:00,1359814.5241999999
2013-07-21 00:00:00,1150392.8898
2013-07-22 00:00:00,1615444.4042000002
2013-07-23 00:00:00,3710803.4280000003
2013-07-24 00:00:00,2339401.6064999998
2013-07-25 00:00:00,3342808.416
2013-07-26 00:00:00,1915553.7179999999
2013-07-27 00:00:00,1896908.4112
2013-07-28 00:00:00,5131723.0068
2013-07-29 00:00:00,3773282.1750000003
2013-07-30 00:00:00,4303074.945
2013-07-31 00:00:00,7252466.662400001
2013-08-01 00:00:00,2542720.5126
2013-08-02 00:00:00,4703695.0281
2013-08-03 00:00:00,1460399.5672
2013-08-04 00:00:00,1096524.6469999999
2013-08-05 00:00:00,2901516.2976
2013-08-06 00:00:00,2497134.7674
2013-08-07 00:00:00,1685853.5643999998
2013-08-08 00:00:00,4300491.2626
2013-08-09 00:00:00,2449559.4361
2013-08-10 00:00:00,864319.5957
2013-08-11 00:00:00,1256541.0633
2013-08-12 00:00:00,2971510.9216000005
2013-08-13 00:00:00,3376098.51
2013-08-14 00:00:00,7843077.031499999
2013-08-15 00:00:00,2833909.1424000002
2013-08-16 00:00:00,2479810.0138
2013-08-17 00:00:00,2043745.8756
2013-08-18 00:00:00,1458372.5415
2013-08-19 00:00:00,8619908.453799998
2013-08-20 00:00:00,4241288.311
2013-08-21 00:00:00,6821077.248
2013-08-22 00:00:00,3293217.6939999997
2013-08-23 00:00:00,3569294.4672
2013-08-24 00:00:00,1678099.3516
2013-08-25 00:00:00,2288621.7465
2013-08-26 00:00:00,2766896.1327
2013-08-27 00:00:00,9650419.9148
2013-08-28 00:00:00,3060222.7959999996
2013-08-29 00:00:00,2309650.5201000003
2013-08-30 00:00:00,8869874.8344
2013-08-31 00:00:00,7600299.265000001
2013-09-01 00:00:00,3393593.2683999995
2013-09-02 00:00:00,3110672.0313999993
2013-09-03 00:00:00,2605548.617
2013-09-04 00:00:00,11042759.746199999
2013-09-05 00:00:00,5390802.648499999
2013-09-06 00:00:00,4146128.2060000002
2013-09-07 00:00:00,1722137.7075
2013-09-08 00:00:00,7243736.7777
2013-09-09 00:00:00,3218481.189
2013-09-10 00:00:00,6947106.6266
2013-09-11 00:00:00,6816715.818
2013-09-12 00:00:00,5191932.468800001
2013-09-13 00:00:00,2705444.258
2013-09-14 00:00:00,2100121.9707
2013-09-15 00:00:00,2919161.2144000004
2013-09-16 00:00:00,3007992.5616
2013-09-18 00:00:00,3504785.7367000002
2013-09-19 00:00:00,5345811.1946
2013-09-20 00:00:00,2930313.4952000002
2013-09-21 00:00:00,1467771.0450000002
2013-09-22 00:00:00,1361043.4502
2013-09-23 00:00:00,2217763.611
2013-09-24 00:00:00,3541840.2786000003
2013-09-25 00:00:00,2128339.2125
2013-09-26 00:00:00,4474421.291999999
2013-09-27 00:00:00,4450576.2312
2013-09-28 00:00:00,3701792.2368
2013-09-29 00:00:00,2950839.5169
2013-09-30 00:00:00,3817807.743899999
2013-10-01 00:00:00,3022295.267
2013-10-02 00:00:00,27243320.0526
2013-10-03 00:00:00,5104711.0855
2013-10-04 00:00:00,1388714.0805000002
2013-10-05 00:00:00,1290141.1071000001
2013-10-06 00:00:00,2388530.2407
2013-10-07 00:00:00,3537611.4285
2013-10-08 00:00:00,5887798.775400001
2013-10-09 00:00:00,4435384.839000001
2013-10-10 00:00:00,2889987.4344
2013-10-11 00:00:00,2829889.7736
2013-10-12 00:00:00,4089056.6468
2013-10-13 00:00:00,10451579.9885
2013-10-14 00:00:00,6158497.498699999
2013-10-15 00:00:00,14822531.917199997
2013-10-16 00:00:00,9097268.1759
2013-10-17 00:00:00,11525205.863699999
2013-10-18 00:00:00,19386399.515800003
2013-10-19 00:00:00,4134874.6500999997
2013-10-20 00:00:00,12484927.968000002
2013-10-21 00:00:00,17646802.132400002
2013-10-22 00:00:00,17636563.4065
2013-10-23 00:00:00,37734926.2936
2013-10-24 00:00:00,19817079.387
2013-10-25 00:00:00,10210027.506099999
2013-10-26 00:00:00,6801523.587200001
2013-10-28 00:00:00,5700646.5282
2013-10-29 00:00:00,8604003.66
2013-10-30 00:00:00,8306601.983999999
2013-10-31 00:00:00,4822102.1574
2013-11-01 00:00:00,3114158.2464
2013-11-02 00:00:00,2762720.2422
2013-11-03 00:00:00,8946806.908
2013-11-04 00:00:00,18478753.0708
2013-11-05 00:00:00,37587147.9392
2013-11-06 00:00:00,42364952.247999996
2013-11-07 00:00:00,48603949.1872
2013-11-08 00:00:00,48093240.5144
2013-11-09 00:00:00,62610143.86379999
2013-11-10 00:00:00,37159240.783
2013-11-11 00:00:00,23393313.307800002
2013-11-12 00:00:00,25685704.032999996
2013-11-13 00:00:00,53022542.5004
2013-11-14 00:00:00,28412422.7191
2013-11-15 00:00:00,40376319.6858
2013-11-16 00:00:00,28926764.571399998
2013-11-17 00:00:00,74450835.11760001
2013-11-18 00:00:00,175916009.815
2013-11-19 00:00:00,122321907.95760001
2013-11-20 00:00:00,111526383.02329999
2013-11-21 00:00:00,80934783.233
2013-11-22 00:00:00,72766196.505
2013-11-23 00:00:00,65341437.9462
2013-11-24 00:00:00,42268527.2004
2013-11-25 00:00:00,70211389.95099999
2013-11-26 00:00:00,91780604.6445
2013-11-27 00:00:00,107287740.6549
2013-11-28 00:00:00,133069241.4876
2013-11-29 00:00:00,82504446.033
2013-11-30 00:00:00,78426266.7596
2013-12-01 00:00:00,203716490.208
2013-12-02 00:00:00,84863465.45279999
2013-12-03 00:00:00,50143732.9712
2013-12-04 00:00:00,101136271.97219999
2013-12-05 00:00:00,163765158.87930003
2013-12-06 00:00:00,198491561.1186
2013-12-07 00:00:00,138287752.6086
2013-12-08 00:00:00,111429318.0805
2013-12-09 00:00:00,65188635.6457
2013-12-10 00:00:00,73506480.6474
2013-12-11 00:00:00,63107030.848
2013-12-12 00:00:00,46342028.5848
2013-12-13 00:00:00,36176287.243200004
2013-12-14 00:00:00,33285428.4938
2013-12-15 00:00:00,33129493.3788
2013-12-16 00:00:00,172881355.6538
2013-12-17 00:00:00,120081767.4875
2013-12-18 00:00:00,184814048.65280002
2013-12-19 00:00:00,112027284.4936
2013-12-20 00:00:00,69400154.7998
2013-12-21 00:00:00,43683946.568799995
2013-12-22 00:00:00,30054134.705000002
2013-12-23 00:00:00,29966966.920799997
2013-12-24 00:00:00,22353701.871600002
2013-12-25 00:00:00,29823371.570499998
2013-12-26 00:00:00,63734583.7994
2013-12-27 00:00:00,36702829.728
2013-12-28 00:00:00,27348743.3436
2013-12-29 00:00:00,23118396.6384
2013-12-30 00:00:00,19779866.1964
2013-12-31 00:00:00,27762589.240099996
2014-01-01 00:00:00,14908245.3135
2014-01-02 00:00:00,50622859.7182
2014-01-03 00:00:00,29592240.0527
2014-01-04 00:00:00,41995707.7694
2014-01-05 00:00:00,94662992.1168
2014-01-06 00:00:00,69561799.42500001
2014-01-07 00:00:00,110115151.40650001
2014-01-08 00:00:00,45155703.9744
2014-01-09 00:00:00,52410464.412
2014-01-10 00:00:00,49763728.9422
2014-01-11 00:00:00,34383903.0156
2014-01-12 00:00:00,37190900.098799996
2014-01-13 00:00:00,45750690.0678
2014-01-14 00:00:00,20882097.0248
2014-01-15 00:00:00,28146119.9822
2014-01-16 00:00:00,19280975.8176
2014-01-17 00:00:00,38944885.763299994
2014-01-18 00:00:00,17964011.640300002
2014-01-19 00:00:00,24316858.692
2014-01-20 00:00:00,27630959.274
2014-01-21 00:00:00,18566620.0177
2014-01-22 00:00:00,18496940.3137
2014-01-23 00:00:00,15575698.225399999
2014-01-24 00:00:00,34982710.5232
2014-01-25 00:00:00,24914520.3922
2014-01-26 00:00:00,32117081.9952
2014-01-27 00:00:00,49146212.0184
2014-01-28 00:00:00,45159189.657000005
2014-01-29 00:00:00,17741130.5897
2014-01-30 00:00:00,29879776.3255
2014-01-31 00:00:00,17065995.933700003
2014-02-01 00:00:00,19747516.7406
2014-02-02 00:00:00,11282778.056000002
2014-02-03 00:00:00,13963699.431
2014-02-04 00:00:00,16606614.5546
2014-02-05 00:00:00,22769308.1278
2014-02-06 00:00:00,49922126.963
2014-02-07 00:00:00,115806099.7749
2014-02-08 00:00:00,37227071.4952
2014-02-09 00:00:00,39193956.5871
2014-02-10 00:00:00,112487352.09040001
2014-02-11 00:00:00,71919551.35880001
2014-02-12 00:00:00,25382420.942199998
2014-02-13 00:00:00,39334677.42
2014-02-14 00:00:00,102323406.368
2014-02-15 00:00:00,26637109.887000002
2014-02-16 00:00:00,40090511.6822
2014-02-17 00:00:00,31912989.044999998
2014-02-18 00:00:00,20002597.32
2014-02-19 00:00:00,13840393.6663
2014-02-20 00:00:00,47431767.3533
2014-02-21 00:00:00,47080479.828
2014-02-22 00:00:00,31121949.3866
2014-02-23 00:00:00,31738644.6014
2014-02-24 00:00:00,58264532.439100005
2014-02-25 00:00:00,126825209.46900001
2014-02-26 00:00:00,64629249.340500005
2014-02-27 00:00:00,25699641.279000003
2014-02-28 00:00:00,28156595.9738
2014-03-01 00:00:00,18636443.169299997
2014-03-02 00:00:00,7884277.612199999
2014-03-03 00:00:00,95588953.1568
2014-03-04 00:00:00,55389505.67039999
2014-03-05 00:00:00,22447285.278600004
2014-03-06 00:00:00,16132757.9132
2014-03-07 00:00:00,34146433.9302
2014-03-08 00:00:00,18734479.636
2014-03-09 00:00:00,15497506.829199998
2014-03-10 00:00:00,20539098.398799997
2014-03-11 00:00:00,11761058.726300001
2014-03-12 00:00:00,18735045.4008
2014-03-13 00:00:00,11503499.334999999
2014-03-14 00:00:00,11909221.2534
2014-03-15 00:00:00,4328448.3729
2014-03-16 00:00:00,5281163.75
2014-03-17 00:00:00,11200799.860899998
2014-03-18 00:00:00,19340668.4273
2014-03-19 00:00:00,10061282.3598
2014-03-20 00:00:00,16682165.836800002
2014-03-21 00:00:00,30926552.121799998
2014-03-22 00:00:00,14058610.527999999
2014-03-23 00:00:00,7568877.976600001
2014-03-24 00:00:00,17030460.9586
2014-03-25 00:00:00,10873420.347199999
2014-03-26 00:00:00,13081304.0304
2014-03-27 00:00:00,59363266.121400006
2014-03-28 00:00:00,46086772.1598
2014-03-29 00:00:00,8179309.9431
2014-03-30 00:00:00,38016411.8247
2014-03-31 00:00:00,27405944.289499998
2014-04-01 00:00:00,30189108.947300002
2014-04-02 00:00:00,45304537.992000006
2014-04-03 00:00:00,32532433.4532
2014-04-04 00:00:00,17469594.655500002
2014-04-05 00:00:00,10058715.771000002
2014-04-06 00:00:00,7673074.745699999
2014-04-07 00:00:00,13092815.4882
2014-04-08 00:00:00,8265718.58
2014-04-09 00:00:00,10450373.9067
2014-04-10 00:00:00,55199829.5125
2014-04-11 00:00:00,52943745.9708
2014-04-12 00:00:00,16896820.8552
2014-04-13 00:00:00,19755964.927500002
2014-04-14 00:00:00,41969284.3908
2014-04-15 00:00:00,39716663.1225
2014-04-16 00:00:00,45642541.3545
2014-04-17 00:00:00,29256897.626799997
2014-04-18 00:00:00,15535585.5564
2014-04-19 00:00:00,15006702.555599999
2014-04-20 00:00:00,8393616.594999999
2014-04-21 00:00:00,11809736.6625
2014-04-22 00:00:00,9536375.6682
2014-04-23 00:00:00,7615953.3142
2014-04-24 00:00:00,8176399.8204
2014-04-25 00:00:00,38579703.624
2014-04-26 00:00:00,10014137.502
2014-04-27 00:00:00,8216763.2190000005
2014-04-28 00:00:00,19378805.621000003
2014-04-29 00:00:00,13408409.898
2014-04-30 00:00:00,11247420.5208
2014-05-01 00:00:00,10804490.97
2014-05-02 00:00:00,7992027.942400001
2014-05-03 00:00:00,8855097.3012
2014-05-04 00:00:00,4521302.9478
2014-05-05 00:00:00,8503701.124499999
2014-05-06 00:00:00,9859103.228
2014-05-07 00:00:00,14317047.981
2014-05-08 00:00:00,7772884.4048
2014-05-10 00:00:00,3992390.343
2014-05-11 00:00:00,11772057.1373
2014-05-12 00:00:00,5570250.3038
2014-05-13 00:00:00,5905786.458
2014-05-14 00:00:00,6666880.578600001
2014-05-15 00:00:00,6038938.1997
2014-05-16 00:00:00,4410263.871
2014-05-17 00:00:00,2062977.0218000002
2014-05-18 00:00:00,2031245.9704000002
2014-05-19 00:00:00,4807366.580999999
2014-05-20 00:00:00,31623706.435200002
2014-05-21 00:00:00,11853116.3016
2014-05-22 00:00:00,23581401.648900002
2014-05-23 00:00:00,28262688.1394
2014-05-24 00:00:00,9312733.144799998
2014-05-25 00:00:00,37305636.379200004
2014-05-26 00:00:00,24116882.5024
2014-05-27 00:00:00,30111719.869000003
2014-05-28 00:00:00,14338840.7269
2014-05-29 00:00:00,14696672.744600002
2014-05-30 00:00:00,21758383.2256
2014-05-31 00:00:00,10809802.377
2014-06-01 00:00:00,33943105.652
2014-06-04 00:00:00,28314851.8464
2014-06-05 00:00:00,20363030.83
2014-06-06 00:00:00,12867317.974
2014-06-07 00:00:00,12086748.388400001
2014-06-08 00:00:00,6016798.8259000005
2014-06-09 00:00:00,13835416.833
2014-06-10 00:00:00,13238167.7208
2014-06-11 00:00:00,17105184.399299998
2014-06-12 00:00:00,31095210.261100005
2014-06-13 00:00:00,44321513.8395
2014-06-14 00:00:00,29442085.176000003
2014-06-15 00:00:00,15926286.0393
2014-06-16 00:00:00,26264341.697700005
2014-06-17 00:00:00,12990613.196800001
2014-06-18 00:00:00,14806583.5
2014-06-19 00:00:00,10340809.7056
2014-06-20 00:00:00,15446439.729799999
2014-06-21 00:00:00,6909362.089300001
2014-06-22 00:00:00,8162524.120200001
2014-06-23 00:00:00,9838472.8992
2014-06-24 00:00:00,8096238.486
2014-06-25 00:00:00,16977270.752
2014-06-26 00:00:00,10333593.7159
2014-06-27 00:00:00,13074345.0251
2014-06-28 00:00:00,11638209.5664
2014-06-29 00:00:00,4207594.4365
2014-06-30 00:00:00,32880371.6637
2014-07-01 00:00:00,25461746.3492
2014-07-02 00:00:00,15241951.6236
2014-07-03 00:00:00,10376757.0066
2014-07-04 00:00:00,12680605.1673
2014-07-05 00:00:00,5300632.1695
2014-07-06 00:00:00,6059230.606000001
2014-07-07 00:00:00,11192099.3849
2014-07-08 00:00:00,5764599.506
2014-07-09 00:00:00,5747792.064
2014-07-10 00:00:00,9854496.7356
2014-07-11 00:00:00,8790759.770599999
2014-07-12 00:00:00,7010324.1442
2014-07-13 00:00:00,5858427.1317
2014-07-14 00:00:00,6970269.2466
2014-07-15 00:00:00,6665757.4137
2014-07-16 00:00:00,8041499.6674999995
2014-07-17 00:00:00,10246627.645399999
2014-07-18 00:00:00,8060212.7299999995
2014-07-19 00:00:00,4365861.682
2014-07-20 00:00:00,3556241.2044
2014-07-21 00:00:00,7262329.382800001
2014-07-22 00:00:00,5654349.1852
2014-07-23 00:00:00,6221296.068000001
2014-07-24 00:00:00,12081769.0656
2014-07-25 00:00:00,5776773.282
2014-07-26 00:00:00,5439916.944
2014-07-27 00:00:00,3480287.0009999997
2014-07-28 00:00:00,11856148.540599998
2014-07-29 00:00:00,5468517.9403
2014-07-30 00:00:00,7937929.826400001
2014-07-31 00:00:00,12830304.099200001
2014-08-02 00:00:00,9529477.28
2014-08-04 00:00:00,4377936.211
2014-08-06 00:00:00,5231405.904
2014-08-07 00:00:00,7049099.1858
2014-08-08 00:00:00,4968545.7834
2014-08-09 00:00:00,3441904.0486000003
2014-08-10 00:00:00,2634769.1966
2014-08-11 00:00:00,8291906.845300001
2014-08-12 00:00:00,8518955.031000001
2014-08-13 00:00:00,17958670.1288
2014-08-14 00:00:00,28340381.8352
2014-08-15 00:00:00,16382166.546
2014-08-16 00:00:00,11536888.1985
2014-08-17 00:00:00,10670100.388
2014-08-18 00:00:00,32498727.4704
2014-08-19 00:00:00,18113980.968599997
2014-08-20 00:00:00,21166750.5469
2014-08-21 00:00:00,23654104.7418
2014-08-22 00:00:00,20030265.244599998
2014-08-23 00:00:00,12141744.3828
2014-08-24 00:00:00,9065606.496000001
2014-08-25 00:00:00,9772640.763600001
2014-08-26 00:00:00,11980423.609
2014-08-27 00:00:00,10602983.16
2014-08-28 00:00:00,9749726.9961
2014-08-29 00:00:00,8560175.868800001
2014-08-30 00:00:00,5764356.1872
2014-08-31 00:00:00,35488313.9328
2014-09-01 00:00:00,10328701.5815
2014-09-02 00:00:00,11886630.6216
2014-09-03 00:00:00,4173413.8020000006
2014-09-04 00:00:00,13649084.3335
2014-09-05 00:00:00,7444080.2055
2014-09-06 00:00:00,4955198.625
2014-09-07 00:00:00,3646867.2796
2014-09-08 00:00:00,18956804.7578
2014-09-10 00:00:00,12336656.098800002
2014-09-11 00:00:00,9329344.09
2014-09-12 00:00:00,7320072.1734
2014-09-13 00:00:00,9323892.522
2014-09-14 00:00:00,5214399.6027999995
2014-09-15 00:00:00,7972638.057100001
2014-09-16 00:00:00,6063459.7056
2014-09-17 00:00:00,9824634.9476
2014-09-18 00:00:00,17128111.010399997
2014-09-19 00:00:00,18932062.7668
2014-09-20 00:00:00,14144865.847199999
2014-09-21 00:00:00,9192286.629900001
2014-09-22 00:00:00,9869834.205699999
2014-09-23 00:00:00,18225096.036
2014-09-24 00:00:00,10441531.589999998
2014-09-25 00:00:00,10062556.526
2014-09-26 00:00:00,7875757.252
2014-09-27 00:00:00,4288030.7308
2014-09-29 00:00:00,9490167.671999998
2014-09-30 00:00:00,14386190.6088
2014-10-01 00:00:00,10748970.907399999
2014-10-02 00:00:00,10603470.865
2014-10-03 00:00:00,19104053.419499997
2014-10-04 00:00:00,29342828.658
2014-10-05 00:00:00,50489372.3796
2014-10-06 00:00:00,52988509.5132
2014-10-07 00:00:00,25355984.8422
2014-10-08 00:00:00,27011514.0096
2014-10-09 00:00:00,45933268.4356
2014-10-10 00:00:00,24399643.3527
2014-10-11 00:00:00,12225887.107500002
2014-10-12 00:00:00,14932563.814199999
2014-10-13 00:00:00,29128124.7036
2014-10-14 00:00:00,37093444.3964
2014-10-15 00:00:00,24157243.487999998
2014-10-16 00:00:00,24399394.8138
2014-10-18 00:00:00,10840911.282
2014-10-19 00:00:00,4721466.5252
2014-10-20 00:00:00,14310409.018000001
2014-10-21 00:00:00,12148360.730999999
2014-10-22 00:00:00,9834008.2884
2014-10-23 00:00:00,23483316.0075
2014-10-24 00:00:00,14548033.431799999
2014-10-25 00:00:00,16539946.2634
2014-10-26 00:00:00,10065011.0523
2014-10-27 00:00:00,10810426.233600002
2014-10-28 00:00:00,6945617.208
2014-10-29 00:00:00,15739258.436199998
2014-10-30 00:00:00,23212322.4063
2014-10-31 00:00:00,16504572.9465
2014-11-01 00:00:00,15368336.737800002
2014-11-02 00:00:00,7544123.143200001
2014-11-03 00:00:00,11180474.8176
2014-11-04 00:00:00,13484368.497599998
2014-11-05 00:00:00,17524755.5005
2014-11-06 00:00:00,16142615.262300001
2014-11-07 00:00:00,16004338.9
2014-11-08 00:00:00,7456068.066000001
2014-11-09 00:00:00,20481790.160299998
2014-11-10 00:00:00,28620676.023
2014-11-11 00:00:00,14882481.985599998
2014-11-12 00:00:00,37534065.8368
2014-11-13 00:00:00,53232141.6945
2014-11-14 00:00:00,27656251.169999998
2014-11-15 00:00:00,14203649.0286
2014-11-16 00:00:00,11112256.5606
2014-11-17 00:00:00,38938370.702
2014-11-18 00:00:00,30706829.208000004
2014-11-19 00:00:00,17608992.590400003
2014-11-20 00:00:00,23510775.932
2014-11-22 00:00:00,13675105.2108
2014-11-23 00:00:00,13429899.705599999
2014-11-24 00:00:00,27743551.3628
2014-11-25 00:00:00,27676199.2128
2014-11-26 00:00:00,19644162.8736
2014-11-27 00:00:00,9560979.6212
2014-11-28 00:00:00,27761270.975100003
2014-11-29 00:00:00,38837921.148
2014-11-30 00:00:00,9680755.4622
2014-12-01 00:00:00,11399028.643
2014-12-02 00:00:00,13320234.742199998
2014-12-03 00:00:00,14914349.3881
2014-12-04 00:00:00,16991820.295999996
2014-12-05 00:00:00,17548067.8395
2014-12-06 00:00:00,8939396.6812
2014-12-07 00:00:00,5588928.5715
2014-12-08 00:00:00,15171597.2082
2014-12-09 00:00:00,30788758.071399998
2014-12-10 00:00:00,15505400.7171
2014-12-11 00:00:00,31152376.5343
2014-12-12 00:00:00,14563870.323499998
2014-12-13 00:00:00,11033033.484
2014-12-14 00:00:00,10832594.0415
2014-12-15 00:00:00,14934582.1097
2014-12-16 00:00:00,27552833.206000004
2014-12-17 00:00:00,34354997.7328
2014-12-18 00:00:00,36108512.384
2014-12-19 00:00:00,15504768.846
2014-12-20 00:00:00,13500795.765600001
2014-12-21 00:00:00,10142376.624
2014-12-22 00:00:00,14298042.769799998
2014-12-23 00:00:00,10081769.695400001
2014-12-24 00:00:00,8888193.318599999
2014-12-25 00:00:00,5018720.254
2014-12-26 00:00:00,9221690.8791
2014-12-27 00:00:00,10684733.060400002
2014-12-28 00:00:00,6174406.1568
2014-12-29 00:00:00,6698339.3112
2014-12-30 00:00:00,7880730.437799999
2014-12-31 00:00:00,7378843.992799999
2015-01-01 00:00:00,5553875.016000001
2015-01-02 00:00:00,6440895.954
2015-01-03 00:00:00,29383119.753
2015-01-04 00:00:00,53104792.2513
2015-01-05 00:00:00,31326721.699999996
2015-01-06 00:00:00,22161280.112800002
2015-01-08 00:00:00,16844821.0141
2015-01-09 00:00:00,16411870.647200001
2015-01-10 00:00:00,12735227.8125
2015-01-11 00:00:00,12162899.0709
2015-01-12 00:00:00,12816791.9462
2015-01-13 00:00:00,55435210.3932
2015-01-14 00:00:00,75765080.8212
2015-01-15 00:00:00,58159451.66679999
2015-01-16 00:00:00,27461799.466799997
2015-01-17 00:00:00,17720961.7024
2015-01-18 00:00:00,22608073.58
2015-01-19 00:00:00,14708752.3904
2015-01-20 00:00:00,20941858.2344
2015-01-21 00:00:00,24048570.7942
2015-01-22 00:00:00,29762722.0422
2015-01-23 00:00:00,20711796.5944
2015-01-24 00:00:00,20145938.482499998
2015-01-25 00:00:00,27596035.9584
2015-01-26 00:00:00,100720023.7029
2015-01-27 00:00:00,39431712.1896
2015-01-28 00:00:00,42321101.3896
2015-01-29 00:00:00,28900320.0726
2015-01-30 00:00:00,23737084.1413
2015-01-31 00:00:00,18587806.791500002
2015-02-01 00:00:00,27543601.0008
2015-02-02 00:00:00,20208902.1363
2015-02-04 00:00:00,30551800.212
2015-02-05 00:00:00,18353317.038
2015-02-06 00:00:00,19144002.4733
2015-02-07 00:00:00,19150007.340800002
2015-02-08 00:00:00,14151642.784
2015-02-09 00:00:00,23588351.1217
2015-02-10 00:00:00,17604948.4605
2015-02-11 00:00:00,13688603.9136
2015-02-12 00:00:00,11937945.2917
2015-02-13 00:00:00,36397741.1328
2015-02-14 00:00:00,40211567.589600004
2015-02-15 00:00:00,55456609.8165
2015-02-16 00:00:00,24279753.0308
2015-02-17 00:00:00,23497611.520999998
2015-02-18 00:00:00,21686744.8332
2015-02-19 00:00:00,14398443.457999999
2015-02-20 00:00:00,20545399.9086
2015-02-21 00:00:00,10804116.033
2015-02-22 00:00:00,16738060.911299998
2015-02-23 00:00:00,13288774.0235
2015-02-24 00:00:00,11274061.049
2015-02-25 00:00:00,9309414.2775
2015-02-26 00:00:00,11102663.7354
2015-02-27 00:00:00,37037780.14830001
2015-02-28 00:00:00,11880490.430599999
2015-03-01 00:00:00,19892476.44
2015-03-02 00:00:00,31556418.9785
2015-03-03 00:00:00,42763249.6188
2015-03-04 00:00:00,35607951.9015
2015-03-05 00:00:00,34527850.6772
2015-03-06 00:00:00,24879813.321
2015-03-07 00:00:00,14422135.787999999
2015-03-08 00:00:00,13054878.398400001
2015-03-09 00:00:00,39386293.77689999
2015-03-10 00:00:00,47454151.09
2015-03-11 00:00:00,20776296.844499998
2015-03-12 00:00:00,19575104.525000002
2015-03-13 00:00:00,25887106.375199996
2015-03-14 00:00:00,21131305.5294
2015-03-15 00:00:00,10021349.56
2015-03-16 00:00:00,17342897.2995
2015-03-17 00:00:00,17346142.9648
2015-03-18 00:00:00,51441422.9554
2015-03-19 00:00:00,45519026.7836
2015-03-20 00:00:00,13095313.597000001
2015-03-21 00:00:00,12061583.1848
2015-03-22 00:00:00,12590580.7181
2015-03-23 00:00:00,18292679.252800003
2015-03-24 00:00:00,35659793.7206
2015-03-25 00:00:00,29366377.8444
2015-03-26 00:00:00,19168024.6401
2015-03-27 00:00:00,13250514.054399999
2015-03-28 00:00:00,12438975.704400001
2015-03-29 00:00:00,16844245.7552
2015-03-30 00:00:00,18935901.105
2015-03-31 00:00:00,15840546.576000001
2015-04-01 00:00:00,16976658.2664
2015-04-02 00:00:00,21296212.083100002
2015-04-03 00:00:00,18034538.209599998
2015-04-04 00:00:00,9020735.922600001
2015-04-05 00:00:00,13187093.6974
2015-04-06 00:00:00,17917019.4402
2015-04-07 00:00:00,13278749.6896
2015-04-08 00:00:00,24571057.251300003
2015-04-09 00:00:00,16720384.324799998
2015-04-10 00:00:00,23143726.6395
2015-04-11 00:00:00,12494304.018299999
2015-04-12 00:00:00,8924492.375
2015-04-13 00:00:00,23401181.8784
2015-04-14 00:00:00,29001276.605
2015-04-15 00:00:00,16824427.8048
2015-04-16 00:00:00,20046415.736
2015-04-17 00:00:00,16493179
2015-04-18 00:00:00,9786033.9576
2015-04-19 00:00:00,11259642.366
2015-04-20 00:00:00,13291796.39
2015-04-21 00:00:00,19229850.61
2015-04-22 00:00:00,18434088.306
2015-04-23 00:00:00,10243639.5983
2015-04-24 00:00:00,16246989.8052
2015-04-25 00:00:00,10340224.669499999
2015-04-26 00:00:00,22650709.645200003
2015-04-27 00:00:00,26278039.655400004
2015-04-28 00:00:00,18261361.022400003
2015-04-29 00:00:00,13645539.3348
2015-04-30 00:00:00,26557928.6544
2015-05-01 00:00:00,14150462.94
2015-05-02 00:00:00,9974295.652
2015-05-03 00:00:00,13232149.469099998
2015-05-04 00:00:00,16331946.574500002
2015-05-05 00:00:00,18457399.2768
2015-05-06 00:00:00,16717868.3136
2015-05-07 00:00:00,29515495.913399998
2015-05-08 00:00:00,21751507.9221
2015-05-09 00:00:00,15399809.5172
2015-05-10 00:00:00,11133114.7372
2015-05-11 00:00:00,15280623.914
2015-05-12 00:00:00,13908956.227799999
2015-05-13 00:00:00,15320686.72
2015-05-14 00:00:00,20818947.632000003
2015-05-15 00:00:00,20818947.632000003
2015-05-16 00:00:00,8139343.9072
2015-05-17 00:00:00,6714330.4753
2015-05-18 00:00:00,12038644.8632
2015-05-19 00:00:00,10238817.4063
2015-05-20 00:00:00,11455800.4768
2015-05-21 00:00:00,10692103.192
2015-05-22 00:00:00,18975695.686
2015-05-23 00:00:00,8685815.1228
2015-05-24 00:00:00,7938776.9118
2015-05-25 00:00:00,8804512.2744
2015-05-26 00:00:00,10633177.151999999
2015-05-27 00:00:00,12744914.9373
2015-05-28 00:00:00,8918667.436
2015-05-29 00:00:00,9506643.1936
2015-05-30 00:00:00,10592100.4644
2015-05-31 00:00:00,7951003.767
2015-06-01 00:00:00,21727639.7849
2015-06-02 00:00:00,16193587.746699998
2015-06-03 00:00:00,12997730.1124
2015-06-04 00:00:00,11314954.476
2015-06-05 00:00:00,13798456.3002
2015-06-06 00:00:00,7805688.455499999
2015-06-07 00:00:00,9622738.2376
2015-06-08 00:00:00,17459770.9848
2015-06-09 00:00:00,13936685.8451
2015-06-10 00:00:00,9976455.152999999
2015-06-11 00:00:00,9990294.557599999
2015-06-12 00:00:00,9781474.3506
2015-06-13 00:00:00,9232743.419400001
2015-06-14 00:00:00,8307550.583999999
2015-06-15 00:00:00,14727511.2145
2015-06-16 00:00:00,29160220.7085
2015-06-17 00:00:00,31886986.7225
2015-06-18 00:00:00,21457934.337
2015-06-19 00:00:00,14703622.118400002
2015-06-20 00:00:00,16709057.350499999
2015-06-21 00:00:00,6606842.5995000005
2015-06-22 00:00:00,12840360.015
2015-06-23 00:00:00,10205531.462
2015-06-24 00:00:00,13031440.24
2015-06-25 00:00:00,10962820.8021
2015-06-26 00:00:00,9223446.0843
2015-06-27 00:00:00,14129657.296999998
2015-06-28 00:00:00,10580415.55
2015-06-29 00:00:00,23781478.0308
2015-06-30 00:00:00,32721352.448999997
2015-07-01 00:00:00,19888691.374199998
2015-07-02 00:00:00,14412369.657600002
2015-07-03 00:00:00,12755211.195599997
2015-07-04 00:00:00,10781726.712899998
2015-07-05 00:00:00,31239755.632799998
2015-07-06 00:00:00,34689913.20339999
2015-07-07 00:00:00,19945122.9012
2015-07-08 00:00:00,23318029.0224
2015-07-09 00:00:00,21019886.553600002
2015-07-10 00:00:00,59110516.6256
2015-07-11 00:00:00,27899785.516599998
2015-07-12 00:00:00,36841514.7955
2015-07-13 00:00:00,45327383.289000005
2015-07-14 00:00:00,19282710.745200004
2015-07-15 00:00:00,16198111.6374
2015-07-16 00:00:00,37845406.465
2015-07-17 00:00:00,20736136.549799997
2015-07-18 00:00:00,18946351.3575
2015-07-19 00:00:00,8742289.1732
2015-07-20 00:00:00,14852544.954
2015-07-21 00:00:00,13870878.4529
2015-07-22 00:00:00,14152237.6068
2015-07-23 00:00:00,10809788.2005
2015-07-24 00:00:00,23612803.0691
2015-07-25 00:00:00,13010962.5147
2015-07-26 00:00:00,9409956.6876
2015-07-27 00:00:00,20261704.4476
2015-07-28 00:00:00,16753360.7357
2015-07-29 00:00:00,15467300.544000002
2015-07-30 00:00:00,13260933.381600002
2015-07-31 00:00:00,14906654.4594
2015-08-01 00:00:00,12374848.448
2015-08-02 00:00:00,10242093.768900001
2015-08-03 00:00:00,12926276.3735
2015-08-04 00:00:00,13352316.7613
2015-08-05 00:00:00,11623776.9477
2015-08-06 00:00:00,11708112.227200001
2015-08-07 00:00:00,13430028.2612
2015-08-08 00:00:00,19244114.4
2015-08-09 00:00:00,17839946.778
2015-08-10 00:00:00,12948145.2225
2015-08-11 00:00:00,13602148.5985
2015-08-12 00:00:00,16928657.541699998
2015-08-13 00:00:00,15697940.590799998
2015-08-14 00:00:00,14070288.496
2015-08-15 00:00:00,9240742.3056
2015-08-16 00:00:00,19040492.3336
2015-08-17 00:00:00,13641622.229999999
2015-08-18 00:00:00,22342291.4799
2015-08-19 00:00:00,60726602.76799999
2015-08-20 00:00:00,22690278.7458
2015-08-21 00:00:00,14567269.8318
2015-08-22 00:00:00,17528714.371
2015-08-23 00:00:00,13017080.071700001
2015-08-24 00:00:00,42854460.0087
2015-08-25 00:00:00,44792175.946
2015-08-26 00:00:00,22356486.112800002
2015-08-27 00:00:00,13832635.265
2015-08-28 00:00:00,21397486.8243
2015-08-29 00:00:00,10728935.6024
2015-08-30 00:00:00,11559447.7542
2015-08-31 00:00:00,12988337.134499999
2015-09-01 00:00:00,14592340.4792
2015-09-02 00:00:00,13926552.56
2015-09-04 00:00:00,14833269.0336
2015-09-05 00:00:00,13114911.121699998
2015-09-06 00:00:00,17614944.567599997
2015-09-07 00:00:00,13634833.3094
2015-09-08 00:00:00,18933607.043999996
2015-09-09 00:00:00,16863801.285499997
2015-09-10 00:00:00,15217779.746
2015-09-11 00:00:00,11412582.899500001
2015-09-12 00:00:00,12692491.306
2015-09-13 00:00:00,12673625.1038
2015-09-14 00:00:00,15398001.849299999
2015-09-15 00:00:00,13939823.8655
2015-09-16 00:00:00,13866113.7024
2015-09-17 00:00:00,14329545.296799999
2015-09-18 00:00:00,13521375.3935
2015-09-19 00:00:00,9200032.6374
2015-09-20 00:00:00,9504293.6989
2015-09-21 00:00:00,13192196.605800001
2015-09-22 00:00:00,19233663.338400003
2015-09-23 00:00:00,11733627.1632
2015-09-24 00:00:00,16891696.6478
2015-09-25 00:00:00,15237774.66
2015-09-26 00:00:00,9644476.1169
2015-09-27 00:00:00,9085345.59
2015-09-28 00:00:00,16033418.710399998
2015-09-29 00:00:00,16626430.9986
2015-09-30 00:00:00,13305335.4783
2015-10-01 00:00:00,14408622.8398
2015-10-02 00:00:00,13003388.1582
2015-10-03 00:00:00,11745113.2568
2015-10-04 00:00:00,8661867.053199999
2015-10-05 00:00:00,16040473.2191
2015-10-06 00:00:00,21651521.514200002
2015-10-07 00:00:00,16009447.9077
2015-10-08 00:00:00,12400136.007
2015-10-09 00:00:00,10510717.7472
2015-10-10 00:00:00,10246396.1292
2015-10-11 00:00:00,8756660.462399999
2015-10-12 00:00:00,12046436.787
2015-10-13 00:00:00,20041053.446399998
2015-10-14 00:00:00,18384897.431700002
2015-10-15 00:00:00,16600191.713899998
2015-10-16 00:00:00,25643112.125399996
2015-10-17 00:00:00,32045899.660199996
2015-10-18 00:00:00,16433851.553599998
2015-10-19 00:00:00,16059630.120000001
2015-10-20 00:00:00,20533407.996000003
2015-10-21 00:00:00,17489825.2984
2015-10-22 00:00:00,25322556.8264
2015-10-23 00:00:00,20969687.933600005
2015-10-24 00:00:00,15134081.82
2015-10-25 00:00:00,34299506.0256
2015-10-26 00:00:00,23638781.233200002
2015-10-27 00:00:00,32420944.135200005
2015-10-28 00:00:00,37507904.6835
2015-10-29 00:00:00,45043648.0032
2015-10-30 00:00:00,55263289.9077
2015-10-31 00:00:00,37428890.4535
2015-11-01 00:00:00,25642526.914199997
2015-11-02 00:00:00,70310557.41960001
2015-11-03 00:00:00,171565483.2821
2015-11-04 00:00:00,240097870.2464
2015-11-05 00:00:00,144544320.09379998
2015-11-06 00:00:00,104939430.582
2015-11-07 00:00:00,41397271.7125
2015-11-08 00:00:00,34651606.9748
2015-11-09 00:00:00,49017974.283
2015-11-10 00:00:00,78245096.3488
2015-11-11 00:00:00,92221766.362
2015-11-12 00:00:00,56103254.626200005
2015-11-13 00:00:00,35918626.0886
2015-11-14 00:00:00,23982824.104
2015-11-15 00:00:00,34851429.837000005
2015-11-16 00:00:00,28628567.523500003
2015-11-17 00:00:00,32793891.708800003
2015-11-18 00:00:00,25422981.2093
2015-11-19 00:00:00,28290931.152
2015-11-20 00:00:00,35862566.2785
2015-11-21 00:00:00,14198539.909599999
2015-11-22 00:00:00,11258958.92
2015-11-23 00:00:00,13615387.4073
2015-11-24 00:00:00,16374683.094
2015-11-25 00:00:00,25111070.299000002
2015-11-26 00:00:00,73195270.6758
2015-11-27 00:00:00,40156994.30370001
2015-11-28 00:00:00,21634897.782
2015-11-29 00:00:00,23486321.6954
2015-11-30 00:00:00,51791731.603599995
2015-12-01 00:00:00,44265192.671
2015-12-02 00:00:00,34787805.357599996
2015-12-03 00:00:00,32249807.703199998
2015-12-04 00:00:00,21785438.5334
2015-12-05 00:00:00,40058592.288399994
2015-12-06 00:00:00,58053909.7428
2015-12-07 00:00:00,40437811.302
2015-12-08 00:00:00,22999694.4828
2015-12-09 00:00:00,67053317.6352
2015-12-10 00:00:00,31321399.096200004
2015-12-11 00:00:00,76154164.2851
2015-12-12 00:00:00,107032617.75500001
2015-12-13 00:00:00,39287495.8922
2015-12-14 00:00:00,108826070.44
2015-12-15 00:00:00,55276209.292500004
2015-12-16 00:00:00,85536938.6556
2015-12-17 00:00:00,30852734.187
2015-12-18 00:00:00,37926164.811500005
2015-12-19 00:00:00,29418082.56
2015-12-20 00:00:00,54181213.7719
2015-12-21 00:00:00,52315624.452
2015-12-22 00:00:00,30613418.7315
2015-12-23 00:00:00,28293611.216000002
2015-12-24 00:00:00,35843916.0595
2015-12-25 00:00:00,19787454.9075
2015-12-26 00:00:00,91276222.4367
2015-12-27 00:00:00,31955095.317599997
2015-12-28 00:00:00,32740834.454600003
2015-12-29 00:00:00,30691408.0275
2015-12-30 00:00:00,30700004.837799996
2015-12-31 00:00:00,28540927.016
2016-01-01 00:00:00,20406959.2119
2016-01-02 00:00:00,15069490.9225
2016-01-03 00:00:00,23322149.802
2016-01-04 00:00:00,21949458.6916
2016-01-05 00:00:00,20487753.0816
2016-01-06 00:00:00,19156844.978600003
2016-01-07 00:00:00,58478075.9822
2016-01-08 00:00:00,41191540.305
2016-01-09 00:00:00,17656850.604599997
2016-01-10 00:00:00,20063783.1186
2016-01-11 00:00:00,25254134.411
2016-01-12 00:00:00,20987190.7616
2016-01-13 00:00:00,45901744.12109999
2016-01-14 00:00:00,19112138.8037
2016-01-15 00:00:00,116205455.8184
2016-01-16 00:00:00,71683286.4755
2016-01-17 00:00:00,25665045.633500002
2016-01-18 00:00:00,25780217.132999998
2016-01-19 00:00:00,25270093.755
2016-01-20 00:00:00,78165567.75330001
2016-01-21 00:00:00,37002467.8592
2016-01-22 00:00:00,59059297.6044
2016-01-23 00:00:00,24905687.731599998
2016-01-24 00:00:00,26166918.645
2016-01-25 00:00:00,27947836.8106
2016-01-26 00:00:00,23253230.3312
2016-01-27 00:00:00,17463880.687400002
2016-01-28 00:00:00,30483418.7072
2016-01-29 00:00:00,54312432.201000005
2016-01-30 00:00:00,14343796.750100002
2016-01-31 00:00:00,17760429.7968
2016-02-01 00:00:00,28865406.813899998
2016-02-02 00:00:00,19943929.1014
2016-02-03 00:00:00,23767287.735
2016-02-04 00:00:00,41655064.8085
2016-02-05 00:00:00,24231098.3145
2016-02-06 00:00:00,30866009.8532
2016-02-07 00:00:00,15640570.8048
2016-02-08 00:00:00,24531012.204499997
2016-02-09 00:00:00,21330382.4776
2016-02-10 00:00:00,36978851.3269
2016-02-11 00:00:00,26042971.817600004
2016-02-12 00:00:00,22212756.8286
2016-02-13 00:00:00,18777635.920100003
2016-02-14 00:00:00,30702017.307499997
2016-02-15 00:00:00,34078398.8376
2016-02-16 00:00:00,28047318.6816
2016-02-17 00:00:00,39099468.2342
2016-02-18 00:00:00,32029699.8436
2016-02-19 00:00:00,22201850.356200002
2016-02-20 00:00:00,49142940.239
2016-02-21 00:00:00,45001750.1744
2016-02-22 00:00:00,25463328.1084
2016-02-23 00:00:00,41312427.126
2016-02-24 00:00:00,29085738.812999997
2016-02-25 00:00:00,22095111.3957
2016-02-26 00:00:00,24487221.785600003
2016-02-27 00:00:00,18649773.619099997
2016-02-28 00:00:00,22184549.4353
2016-02-29 00:00:00,31357633.075200003
2016-03-01 00:00:00,30939871.908400003
2016-03-02 00:00:00,26429723.2544
2016-03-03 00:00:00,33471079.525000002
2016-03-04 00:00:00,32002741.2982
2016-03-05 00:00:00,50904367.533
2016-03-06 00:00:00,24330044.911199998
2016-03-07 00:00:00,25774187.788599998
2016-03-08 00:00:00,21813407.596
2016-03-09 00:00:00,19572952.0075
2016-03-10 00:00:00,24022113.591000002
2016-03-11 00:00:00,25307656.1388
2016-03-12 00:00:00,24825381.6222
2016-03-13 00:00:00,14705841.4384
2016-03-14 00:00:00,20282050.7868
2016-03-15 00:00:00,20597238.335500002
2016-03-16 00:00:00,19419077.2239
2016-03-17 00:00:00,18657007.429
2016-03-18 00:00:00,28073923.8525
2016-03-19 00:00:00,15007027.569300001
2016-03-20 00:00:00,13576322.229200002
2016-03-21 00:00:00,18209312.2497
2016-03-22 00:00:00,21365652.985600002
2016-03-23 00:00:00,16895793.790799998
2016-03-24 00:00:00,17536542.0868
2016-03-25 00:00:00,14830264.68
2016-03-26 00:00:00,12371345.8365
2016-03-27 00:00:00,25434491.6184
2016-03-28 00:00:00,19238321.7855
2016-03-29 00:00:00,30415319.922
2016-03-30 00:00:00,19975338.1149
2016-03-31 00:00:00,18808489.1414
2016-04-01 00:00:00,16409420.6304
2016-04-02 00:00:00,13685333.024999999
2016-04-03 00:00:00,10626132.6415
2016-04-04 00:00:00,15550675.149200002
2016-04-05 00:00:00,18164095.988500003
2016-04-06 00:00:00,15707133.7908
2016-04-07 00:00:00,17028964.2194
2016-04-08 00:00:00,20186636.2392
2016-04-09 00:00:00,12511808.476
2016-04-10 00:00:00,9701992.4954
2016-04-11 00:00:00,15796771.1496
2016-04-12 00:00:00,25818110.244
2016-04-13 00:00:00,16364789.57
2016-04-14 00:00:00,12971709.8742
2016-04-15 00:00:00,22879890.5172
2016-04-16 00:00:00,13788621.1134
2016-04-17 00:00:00,12692790.004600001
2016-04-18 00:00:00,17694903.859199997
2016-04-19 00:00:00,17920859.9415
2016-04-20 00:00:00,35503227.427200004
2016-04-21 00:00:00,29501269.424
2016-04-22 00:00:00,23844241.7205
2016-04-23 00:00:00,16802671.908
2016-04-24 00:00:00,29353633.462599996
2016-04-25 00:00:00,36817995.5136
2016-04-26 00:00:00,34854624.5998
2016-04-27 00:00:00,42654741.3584
2016-04-28 00:00:00,38051508.648
2016-04-29 00:00:00,21063414.658
2016-04-30 00:00:00,17046473.340800002
2016-05-01 00:00:00,10517715.5446
2016-05-02 00:00:00,34283316.48
2016-05-03 00:00:00,23866897.4145
2016-05-04 00:00:00,18922797.276
2016-05-05 00:00:00,19214683.7397
2016-05-06 00:00:00,32475379.449600004
2016-05-07 00:00:00,15060351.768
2016-05-08 00:00:00,12940418.121000001
2016-05-09 00:00:00,23824164.1218
2016-05-10 00:00:00,28095275.360999998
2016-05-11 00:00:00,20927427.4956
2016-05-12 00:00:00,22652718.674
2016-05-13 00:00:00,15841283.882199999
2016-05-14 00:00:00,10458258.4269
2016-05-15 00:00:00,9548354.6085
2016-05-16 00:00:00,17875806.6495
2016-05-17 00:00:00,16508087.6112
2016-05-18 00:00:00,14866087.635
2016-05-19 00:00:00,26518499.388
2016-05-20 00:00:00,25045661.4336
2016-05-21 00:00:00,11310985.6272
2016-05-22 00:00:00,12185445.8837
2016-05-23 00:00:00,16267423.8436
2016-05-24 00:00:00,15674746.774400001
2016-05-25 00:00:00,17482963.788799997
2016-05-26 00:00:00,16430495.235
2016-05-27 00:00:00,62133880.564799994
2016-05-28 00:00:00,68432471.5568
2016-05-29 00:00:00,72487384.5528
2016-05-30 00:00:00,41187985.5816
2016-05-31 00:00:00,59032595.9724
2016-06-01 00:00:00,34219344.816
2016-06-02 00:00:00,26922628.8648
2016-06-03 00:00:00,60092817.477
2016-06-04 00:00:00,45168189.796799995
2016-06-05 00:00:00,30675648.696
2016-06-06 00:00:00,34509545.46349999
2016-06-07 00:00:00,47316934.322000004
2016-06-08 00:00:00,28300189.1564
2016-06-09 00:00:00,30222288.214364693
2016-06-10 00:00:00,24377615.46943378
2016-06-11 00:00:00,24538115.328435715
2016-06-12 00:00:00,143472595.47502628
2016-06-13 00:00:00,146971122.83886617
2016-06-14 00:00:00,84746672.71063487
2016-06-15 00:00:00,48065817.39402929
2016-06-16 00:00:00,169439516.67623803
2016-06-17 00:00:00,128874495.58119592
2016-06-18 00:00:00,85041797.51949082
2016-06-19 00:00:00,40868096.624824494
2016-06-20 00:00:00,36207387.18440518
2016-06-21 00:00:00,149642818.36535102
2016-06-22 00:00:00,106868002.09824032
2016-06-23 00:00:00,145480129.31644726
2016-06-24 00:00:00,117308802.54754122
2016-06-25 00:00:00,64948673.82899656
2016-06-26 00:00:00,50909007.76377704
2016-06-27 00:00:00,59731341.432909116
2016-06-28 00:00:00,55881769.63124494
2016-06-29 00:00:00,68912927.90875104
2016-06-30 00:00:00,66687600.548085004
2016-07-01 00:00:00,61281896.9689139
2016-07-02 00:00:00,45483640.65408339
2016-07-03 00:00:00,57134569.798589006
2016-07-04 00:00:00,33361880.20755163
2016-07-05 00:00:00,31161665.02804933
2016-07-06 00:00:00,27360174.458261672
2016-07-07 00:00:00,93994828.71333286
2016-07-08 00:00:00,46643049.376544565
2016-07-09 00:00:00,78574448.68600912
2016-07-10 00:00:00,28357316.102029968
2016-07-11 00:00:00,26402272.48181793
2016-07-12 00:00:00,48343367.13486464
2016-07-13 00:00:00,53026862.77232912
2016-07-14 00:00:00,34318017.313809544
2016-07-15 00:00:00,26928546.839285374
2016-07-16 00:00:00,13030366.55815039
2016-07-17 00:00:00,26346610.596016515
2016-07-18 00:00:00,30616321.58581428
2016-07-19 00:00:00,18855335.642488822
2016-07-20 00:00:00,21835386.17013677
2016-07-21 00:00:00,19396531.87257841
2016-07-22 00:00:00,36015630.8103621
2016-07-23 00:00:00,22033362.322805755
2016-07-24 00:00:00,23219394.381669026
2016-07-25 00:00:00,22293453.09391153
2016-07-26 00:00:00,30492846.559064753
2016-07-27 00:00:00,27438393.389753077
2016-07-28 00:00:00,16449698.25465171
2016-07-29 00:00:00,16612345.86951323
2016-07-30 00:00:00,11399491.459813222
2016-07-31 00:00:00,38521947.408930235
2016-08-01 00:00:00,39937694.381306626
2016-08-02 00:00:00,57403494.653400615
2016-08-03 00:00:00,48103787.928474
2016-08-04 00:00:00,24001987.504158802
2016-08-05 00:00:00,16566325.510409888
2016-08-06 00:00:00,24272426.916998588
2016-08-07 00:00:00,20475426.290076792
2016-08-08 00:00:00,15361103.591248045
2016-08-09 00:00:00,15780612.333715733
2016-08-10 00:00:00,34991566.079817295
2016-08-11 00:00:00,26073725.34358144
2016-08-12 00:00:00,15437752.076322343
2016-08-13 00:00:00,11882577.720661648
2016-08-14 00:00:00,15817470.274456559
2016-08-15 00:00:00,19039255.2066699
2016-08-16 00:00:00,20633789.33174016
2016-08-17 00:00:00,21788909.85149328
2016-08-18 00:00:00,24259885.20552654
2016-08-19 00:00:00,15567926.13549017
2016-08-20 00:00:00,16537121.829441033
2016-08-21 00:00:00,15404607.043007113
2016-08-22 00:00:00,19463587.599394135
2016-08-23 00:00:00,19520117.274630975
2016-08-24 00:00:00,17189751.05217095
2016-08-25 00:00:00,18023876.408600245
2016-08-26 00:00:00,12305907.424314784
2016-08-27 00:00:00,11038371.152134756
2016-08-28 00:00:00,6969155.035667743
2016-08-29 00:00:00,13006720.339841172
2016-08-30 00:00:00,15352375.32494796
2016-08-31 00:00:00,15333990.49557455
2016-09-01 00:00:00,14999479.54839048
2016-09-02 00:00:00,15043105.566588867
2016-09-03 00:00:00,40400922.254320584
2016-09-04 00:00:00,22587938.84044743
2016-09-05 00:00:00,22519218.62528109
2016-09-06 00:00:00,14155539.592708783
2016-09-07 00:00:00,16922951.237458926
2016-09-08 00:00:00,21304907.482636098
2016-09-09 00:00:00,16550749.952060752
2016-09-10 00:00:00,13826608.287564546
2016-09-11 00:00:00,19748109.564706508
2016-09-12 00:00:00,24913919.868142404
2016-09-13 00:00:00,32818905.112867605
2016-09-14 00:00:00,15168677.680112895
2016-09-15 00:00:00,11891587.395277543
2016-09-16 00:00:00,12836700.34517858
2016-09-17 00:00:00,8953094.94796302
2016-09-18 00:00:00,9289978.563723823
2016-09-19 00:00:00,12354975.676953206
2016-09-20 00:00:00,13349846.124487473
2016-09-21 00:00:00,20607535.0871256
2016-09-22 00:00:00,12923838.334123792
2016-09-23 00:00:00,12358708.783064608
2016-09-24 00:00:00,6905876.288540798
2016-09-25 00:00:00,6562797.42036544
2016-09-26 00:00:00,14621404.89753159
2016-09-27 00:00:00,12980365.428437835
2016-09-28 00:00:00,9494530.323366642
2016-09-29 00:00:00,12937983.999938054
2016-09-30 00:00:00,12885196.887565492
2016-10-01 00:00:00,7094655.178531651
2016-10-02 00:00:00,9087020.024980566
2016-10-03 00:00:00,11646426.405317659
2016-10-04 00:00:00,12709516.175455404
2016-10-05 00:00:00,11326509.250925671
2016-10-06 00:00:00,10859575.08725039
2016-10-07 00:00:00,15826419.301559234
2016-10-08 00:00:00,7779460.198927116
2016-10-09 00:00:00,6954834.42997824
2016-10-10 00:00:00,13372142.533441262
2016-10-11 00:00:00,29027519.158250164
2016-10-12 00:00:00,14634705.609575948
2016-10-13 00:00:00,14355952.057363158
2016-10-14 00:00:00,12472092.762440188
2016-10-15 00:00:00,6525990.941338596
2016-10-16 00:00:00,6985758.748221971
2016-10-17 00:00:00,15611329.769091038
2016-10-18 00:00:00,14579936.517712481
2016-10-19 00:00:00,20346645.90277418
2016-10-20 00:00:00,12216884.504326392
2016-10-21 00:00:00,16705327.889886469
2016-10-22 00:00:00,22686988.344559554
2016-10-23 00:00:00,11562593.899480939
2016-10-24 00:00:00,17690445.870382972
2016-10-25 00:00:00,23862151.32722688
2016-10-26 00:00:00,32748237.896114662
2016-10-27 00:00:00,26863753.64907469
2016-10-28 00:00:00,22221917.84139443
2016-10-29 00:00:00,29728643.80123049
2016-10-30 00:00:00,21222263.792321637
2016-10-31 00:00:00,23116856.38100145
2016-11-01 00:00:00,41882993.08351015
2016-11-02 00:00:00,24177015.544394836
2016-11-03 00:00:00,56296677.021922745
2016-11-04 00:00:00,29358873.293267153
2016-11-05 00:00:00,14017411.023604922
2016-11-06 00:00:00,15385463.926390963
2016-11-07 00:00:00,13568019.080829352
2016-11-08 00:00:00,21720391.236468986
2016-11-09 00:00:00,40308934.74436853
2016-11-10 00:00:00,18345512.554665778
2016-11-11 00:00:00,14008613.891748253
2016-11-12 00:00:00,13568553.688843166
2016-11-13 00:00:00,19900672.856211733
2016-11-14 00:00:00,20324888.3717734
2016-11-15 00:00:00,22288622.30351003
2016-11-16 00:00:00,44865031.15067332
2016-11-17 00:00:00,36131321.21770813
2016-11-18 00:00:00,22349404.1599065
2016-11-19 00:00:00,15115192.245199867
2016-11-20 00:00:00,26489236.672689494
2016-11-21 00:00:00,18741837.41861697
2016-11-22 00:00:00,25591017.709747355
2016-11-23 00:00:00,19866229.8841036
2016-11-24 00:00:00,16755125.577681024
2016-11-25 00:00:00,14432748.706685813
2016-11-26 00:00:00,12319132.964775683
2016-11-27 00:00:00,11359826.806550382
2016-11-28 00:00:00,17786517.7480325
2016-11-29 00:00:00,18774731.952676114
2016-11-30 00:00:00,21330877.48382009
2016-12-01 00:00:00,26804422.492278427
2016-12-02 00:00:00,33314155.044447843
2016-12-03 00:00:00,15079718.405659718
2016-12-04 00:00:00,11710058.47249938
2016-12-05 00:00:00,26745481.446420282
2016-12-06 00:00:00,20977699.216424413
2016-12-07 00:00:00,23775580.353968643
2016-12-08 00:00:00,18396293.927808
2016-12-09 00:00:00,16139725.074413015
2016-12-10 00:00:00,11258173.04152307
2016-12-11 00:00:00,10790493.55460276
2016-12-12 00:00:00,19721035.416289408
2016-12-13 00:00:00,20077997.9098794
2016-12-14 00:00:00,14993051.05091285
2016-12-15 00:00:00,15357872.532293279
2016-12-16 00:00:00,17973313.885113414
2016-12-17 00:00:00,17068492.255287778
2016-12-18 00:00:00,10243644.93459555
2016-12-19 00:00:00,15301931.73893629
2016-12-20 00:00:00,19671152.5655045
2016-12-21 00:00:00,44854043.026322275
2016-12-22 00:00:00,54177733.57533249
2016-12-23 00:00:00,71128607.5418054
2016-12-24 00:00:00,36632649.452525035
2016-12-25 00:00:00,31411463.344155725
2016-12-26 00:00:00,30528384.492602374
2016-12-27 00:00:00,36349743.369637854
2016-12-28 00:00:00,58947752.62192145
2016-12-29 00:00:00,49469080.76090559
2016-12-30 00:00:00,55218054.01763414
2016-12-31 00:00:00,20372836.66994757
2017-01-01 00:00:00,33991911.05897632
2017-01-02 00:00:00,57597031.98137848
2017-01-03 00:00:00,41550985.515730955
2017-01-04 00:00:00,143134274.56983486
2017-01-05 00:00:00,208498259.7930426
2017-01-06 00:00:00,134165115.23789297
2017-01-07 00:00:00,97175659.27985388
2017-01-08 00:00:00,55303632.48432932
2017-01-09 00:00:00,41076985.165461
2017-01-10 00:00:00,31485218.71429535
2017-01-11 00:00:00,131253668.4078732
2017-01-12 00:00:00,76636270.25602649
2017-01-13 00:00:00,55509952.11563386
2017-01-14 00:00:00,27475928.306425694
2017-01-15 00:00:00,15757955.971683078
2017-01-16 00:00:00,22109924.90628197
2017-01-17 00:00:00,66791560.406611934
2017-01-18 00:00:00,51289482.24876107
2017-01-19 00:00:00,43734448.33771
2017-01-20 00:00:00,27016866.76275787
2017-01-21 00:00:00,31572727.70973658
2017-01-22 00:00:00,41096750.85565452
2017-01-23 00:00:00,24607895.53005694
2017-01-24 00:00:00,43906538.86741937
2017-01-25 00:00:00,29651242.14920385
2017-01-26 00:00:00,26226846.707464296
2017-01-27 00:00:00,24900535.156715058
2017-01-28 00:00:00,12103240.458089076
2017-01-29 00:00:00,8485259.812167948
2017-01-30 00:00:00,14680425.28053736
2017-01-31 00:00:00,50109300.357485116
2017-02-01 00:00:00,35717457.43385989
2017-02-02 00:00:00,49171054.91265412
2017-02-03 00:00:00,54515239.48692956
2017-02-04 00:00:00,43595760.47694484
2017-02-05 00:00:00,32909742.49056232
2017-02-06 00:00:00,27544311.114128727
2017-02-07 00:00:00,40471212.353163786
2017-02-08 00:00:00,63366305.51740329
2017-02-09 00:00:00,141974564.61620772
2017-02-10 00:00:00,64475260.19908332
2017-02-11 00:00:00,29598254.94199764
2017-02-12 00:00:00,14753502.29439118
2017-02-13 00:00:00,29689012.949139353
2017-02-14 00:00:00,39199176.35124729
2017-02-15 00:00:00,22919392.2049625
2017-02-16 00:00:00,41105343.50097638
2017-02-17 00:00:00,50584844.50901646
2017-02-18 00:00:00,29732832.51673826
2017-02-19 00:00:00,18054662.2987521
2017-02-20 00:00:00,32526100.41369879
2017-02-21 00:00:00,67820657.9251045
2017-02-22 00:00:00,59657200.093271285
2017-02-23 00:00:00,70101141.96999004
2017-02-24 00:00:00,137557162.43656254
2017-02-25 00:00:00,44343352.24492109
2017-02-26 00:00:00,32750847.123128362
2017-02-27 00:00:00,39226303.274664536
2017-02-28 00:00:00,44954233.92674727
2017-03-01 00:00:00,60151968.377197854
2017-03-02 00:00:00,83439118.76588912
2017-03-03 00:00:00,64767014.966313675
2017-03-04 00:00:00,30448848.511100117
2017-03-05 00:00:00,27572866.812270917
2017-03-06 00:00:00,38898409.98370173
2017-03-07 00:00:00,102987980.74901986
2017-03-08 00:00:00,101928717.12295525
2017-03-09 00:00:00,64999435.16003756
2017-03-10 00:00:00,227913163.14667737
2017-03-11 00:00:00,82143460.83637705
2017-03-12 00:00:00,52464174.42203355
2017-03-13 00:00:00,67990532.0203525
2017-03-14 00:00:00,51575349.191295885
2017-03-15 00:00:00,48633668.4881237
2017-03-16 00:00:00,125468036.18318745
2017-03-17 00:00:00,145734375.19879827
2017-03-18 00:00:00,167014110.7836648
2017-03-19 00:00:00,94921242.90584181
2017-03-20 00:00:00,58718869.96288475
2017-03-21 00:00:00,78169421.51979661
2017-03-22 00:00:00,97353030.7961921
2017-03-23 00:00:00,47857364.16172551
2017-03-24 00:00:00,83342548.58983836
2017-03-25 00:00:00,104602038.36913723
2017-03-26 00:00:00,71646630.04780254
2017-03-27 00:00:00,79080569.24120276
2017-03-28 00:00:00,70342663.94495207
2017-03-29 00:00:00,61677763.73387659
2017-03-30 00:00:00,65011056.2650536
2017-03-31 00:00:00,75018988.16812257
2017-04-01 00:00:00,40562346.19171107
2017-04-02 00:00:00,59295644.25587124
2017-04-03 00:00:00,90396475.17006625
2017-04-04 00:00:00,67370298.17887816
2017-04-05 00:00:00,58001639.01304203
2017-04-06 00:00:00,92291084.78897868
2017-04-07 00:00:00,60427563.19576686
2017-04-08 00:00:00,31335396.147668086
2017-04-09 00:00:00,45470746.36708978
2017-04-10 00:00:00,41204040.55288183
2017-04-11 00:00:00,39985187.81933621
2017-04-12 00:00:00,41882984.8895408
2017-04-13 00:00:00,61700362.55843429
2017-04-14 00:00:00,43219939.69092474
2017-04-15 00:00:00,21547006.668841098
2017-04-16 00:00:00,19916836.26311818
2017-04-17 00:00:00,45260449.243080854
2017-04-18 00:00:00,51782316.24403811
2017-04-19 00:00:00,38464163.437011
2017-04-20 00:00:00,61652281.026328936
2017-04-21 00:00:00,42287714.16804253
2017-04-22 00:00:00,47589977.23383464
2017-04-23 00:00:00,48203962.263300814
2017-04-24 00:00:00,39096538.33477005
2017-04-25 00:00:00,45876269.76824805
2017-04-26 00:00:00,64754541.495937236
2017-04-27 00:00:00,62204334.61485792
2017-04-28 00:00:00,61518505.25318574
2017-04-29 00:00:00,45569576.92016287
2017-04-30 00:00:00,43853713.714990795
2017-05-01 00:00:00,102136864.53701383
2017-05-02 00:00:00,86306466.16076525
2017-05-03 00:00:00,98768076.02241386
2017-05-04 00:00:00,178681011.55674708
2017-05-05 00:00:00,136654833.4594339
2017-05-06 00:00:00,68907283.75413479
2017-05-07 00:00:00,62492472.18849168
2017-05-08 00:00:00,139627613.28551883
2017-05-09 00:00:00,167512042.52841023
2017-05-10 00:00:00,131817395.91052718
2017-05-11 00:00:00,151505814.83102825
2017-05-12 00:00:00,139214052.65164253
2017-05-13 00:00:00,111469417.308369
2017-05-14 00:00:00,61547076.230614714
2017-05-15 00:00:00,102816017.7328264
2017-05-16 00:00:00,108385267.36933565
2017-05-17 00:00:00,132248945.78021987
2017-05-18 00:00:00,110766531.51847771
2017-05-19 00:00:00,154137281.04762277
2017-05-20 00:00:00,136549462.17992795
2017-05-21 00:00:00,128454137.15352945
2017-05-22 00:00:00,295717901.86295235
2017-05-23 00:00:00,203482045.58008078
2017-05-24 00:00:00,248904779.14844665
2017-05-25 00:00:00,401279047.70303935
2017-05-26 00:00:00,324426983.6410173
2017-05-27 00:00:00,321289966.61279124
2017-05-28 00:00:00,185870201.0672532
2017-05-29 00:00:00,133826839.14723794
2017-05-30 00:00:00,148703191.10427397
2017-05-31 00:00:00,204425185.1255558
2017-06-01 00:00:00,198826825.00748628
2017-06-02 00:00:00,122456001.78464411
2017-06-03 00:00:00,129006639.1283743
2017-06-04 00:00:00,120095754.43380383
2017-06-05 00:00:00,168803116.2943173
2017-06-06 00:00:00,371264851.94856316
2017-06-07 00:00:00,205713695.0411865
2017-06-08 00:00:00,174094195.56920913
2017-06-09 00:00:00,108367646.93500721
2017-06-10 00:00:00,154123952.09749928
2017-06-11 00:00:00,181774994.37694332
2017-06-12 00:00:00,393739719.8560203
2017-06-13 00:00:00,204283558.77325466
2017-06-14 00:00:00,268520562.44632876
2017-06-15 00:00:00,435834778.6454966
2017-06-16 00:00:00,195907758.54303885
2017-06-17 00:00:00,158849628.78788093
2017-06-18 00:00:00,146939437.21946678
2017-06-19 00:00:00,146249310.0476668
2017-06-20 00:00:00,204123502.96961603
2017-06-21 00:00:00,208033200.75403142
2017-06-22 00:00:00,143429984.70501465
2017-06-23 00:00:00,91452068.35525821
2017-06-24 00:00:00,146373123.47503456
2017-06-25 00:00:00,135111001.58831695
2017-06-26 00:00:00,237329706.38785124
2017-06-27 00:00:00,239311708.3413396
2017-06-28 00:00:00,157399624.66481197
2017-06-29 00:00:00,107906654.0618434
2017-06-30 00:00:00,103718383.04063688
2017-07-01 00:00:00,105511589.73927331
2017-07-02 00:00:00,96748666.51122706
2017-07-03 00:00:00,131455113.20711017
2017-07-04 00:00:00,130187106.93450896
2017-07-05 00:00:00,119861961.70348343
2017-07-06 00:00:00,93522266.98794703
2017-07-07 00:00:00,116912656.4443124
2017-07-08 00:00:00,91133549.9590164
2017-07-09 00:00:00,56620250.183561996
2017-07-10 00:00:00,163706108.82153362
2017-07-11 00:00:00,184411999.56184912
2017-07-12 00:00:00,153172924.85336658
2017-07-13 00:00:00,106346343.51029706
2017-07-14 00:00:00,133121604.15202287
2017-07-15 00:00:00,205297978.82580423
2017-07-16 00:00:00,152530374.28804657
2017-07-17 00:00:00,242313696.00736725
2017-07-18 00:00:00,262461203.84922445
2017-07-19 00:00:00,186988238.2237867
2017-07-20 00:00:00,281540460.6510425
2017-07-21 00:00:00,384806565.89971805
2017-07-22 00:00:00,215642445.09162393
2017-07-23 00:00:00,169964412.20341045
2017-07-24 00:00:00,139976350.7537848
2017-07-25 00:00:00,288015952.52724457
2017-07-26 00:00:00,176626997.82260647
2017-07-27 00:00:00,146490393.91523167
2017-07-28 00:00:00,232077673.06113806
2017-07-29 00:00:00,127294021.51886895
2017-07-30 00:00:00,152859034.1212597
2017-07-31 00:00:00,127009234.07663846
2017-08-01 00:00:00,214878001.37883702
2017-08-02 00:00:00,117440138.30737165
2017-08-03 00:00:00,113131475.0368071
2017-08-04 00:00:00,106217903.3954463
2017-08-05 00:00:00,344352179.13661176
2017-08-06 00:00:00,122798187.41230571
2017-08-07 00:00:00,198345493.0300774
2017-08-08 00:00:00,241759565.088791
2017-08-09 00:00:00,199170113.9757855
2017-08-10 00:00:00,153824056.618621
2017-08-11 00:00:00,195208159.0426822
2017-08-12 00:00:00,332122906.1376139
2017-08-13 00:00:00,381628414.1546703
2017-08-14 00:00:00,168021272.43739656
2017-08-15 00:00:00,592573698.1099374
2017-08-16 00:00:00,341988374.47941643
2017-08-17 00:00:00,351792037.6683817
2017-08-18 00:00:00,373082615.7580361
2017-08-19 00:00:00,322665040.3965485
2017-08-20 00:00:00,177654410.0991067
2017-08-21 00:00:00,123200186.5123889
2017-08-22 00:00:00,504190986.2284156
2017-08-23 00:00:00,257486335.94864237
2017-08-24 00:00:00,218844386.90985695
2017-08-25 00:00:00,246665524.6292582
2017-08-26 00:00:00,139377309.63647735
2017-08-27 00:00:00,112660557.88651253
2017-08-28 00:00:00,209634566.49566853
2017-08-29 00:00:00,317010671.8548901
2017-08-30 00:00:00,202687613.63990694
2017-08-31 00:00:00,220351499.90188968
2017-09-01 00:00:00,338585244.3527807
2017-09-02 00:00:00,440710136.09662324
2017-09-03 00:00:00,308302328.0212997
2017-09-04 00:00:00,513527217.62500376
2017-09-05 00:00:00,467133132.4971322
2017-09-06 00:00:00,384503428.8177615
2017-09-07 00:00:00,222544560.6030448
2017-09-08 00:00:00,503768705.75522035
2017-09-09 00:00:00,117381164.67126147
2017-09-10 00:00:00,331793077.94070375
2017-09-11 00:00:00,250115590.4300298
2017-09-12 00:00:00,311636501.2654974
2017-09-13 00:00:00,541722553.5428387
2017-09-14 00:00:00,736178849.3809645
2017-09-15 00:00:00,1267434715.9679632
2017-09-16 00:00:00,474370445.6741123
2017-09-17 00:00:00,249840870.73816603
2017-09-18 00:00:00,425335356.12640965
2017-09-19 00:00:00,349157038.32297957
2017-09-20 00:00:00,229919029.84766248
2017-09-21 00:00:00,385065464.59772885
2017-09-22 00:00:00,317303697.7252074
2017-09-23 00:00:00,179361985.99126774
2017-09-24 00:00:00,138592392.42948055
2017-09-25 00:00:00,284073950.9391744
2017-09-26 00:00:00,175299977.81306127
2017-09-27 00:00:00,357673848.68951017
2017-09-28 00:00:00,275531143.16024274
2017-09-29 00:00:00,289284083.40954936
2017-09-30 00:00:00,222088521.6719822
2017-10-01 00:00:00,171779832.26780057
2017-10-02 00:00:00,250398347.64562908
2017-10-03 00:00:00,256471830.90792736
2017-10-04 00:00:00,204003764.2335958
2017-10-05 00:00:00,87904264.41542768
2017-10-06 00:00:00,205812106.35166645
2017-10-07 00:00:00,89524651.87038891
2017-10-08 00:00:00,282133882.84246814
2017-10-09 00:00:00,397258570.199554
2017-10-10 00:00:00,347920434.56
2017-10-11 00:00:00,296445764.4234614
2017-10-12 00:00:00,680358364.3266706
2017-10-13 00:00:00,953598649.4834647
2017-10-14 00:00:00,328701504.6636471
2017-10-15 00:00:00,490476846.89475596
2017-10-16 00:00:00,322723336.5566526
2017-10-17 00:00:00,322503478.1204792
2017-10-18 00:00:00,627801313.9179745
2017-10-19 00:00:00,376178013.95121515
2017-10-20 00:00:00,583507046.8574011
2017-10-21 00:00:00,555571195.7118287
2017-10-22 00:00:00,469066735.29201514
2017-10-23 00:00:00,633277065.0849246
2017-10-24 00:00:00,628021830.3437077
2017-10-25 00:00:00,446193087.80574757
2017-10-26 00:00:00,450583865.77724534
2017-10-27 00:00:00,402366481.7965357
2017-10-28 00:00:00,278764450.6401858
2017-10-29 00:00:00,572711007.5335968
2017-10-30 00:00:00,144588378.86395484
2017-10-31 00:00:00,454449998.2659176
2017-11-01 00:00:00,630017228.4715976
2017-11-02 00:00:00,1143999865.200707
2017-11-03 00:00:00,374814688.9945792
2017-11-04 00:00:00,563573963.1487608
2017-11-05 00:00:00,568573468.1529733
2017-11-06 00:00:00,832822399.364463
2017-11-07 00:00:00,533993339.4799873
2017-11-08 00:00:00,1261823617.3145914
2017-11-09 00:00:00,528018381.56556165
2017-11-10 00:00:00,1128392930.682508
2017-11-11 00:00:00,805734191.0403882
2017-11-12 00:00:00,1601736904.2787657
2017-11-13 00:00:00,1259093767.510772
2017-11-14 00:00:00,597502689.3669903
2017-11-15 00:00:00,925948609.9534755
2017-11-16 00:00:00,1167106378.1773658
2017-11-17 00:00:00,1009820547.5464566
2017-11-18 00:00:00,541082170.8748473
2017-11-19 00:00:00,541743546.8099738
2017-11-20 00:00:00,546752953.4571438
2017-11-21 00:00:00,1004515766.6482553
2017-11-22 00:00:00,494283581.3226505
2017-11-23 00:00:00,425395614.83598435
2017-11-24 00:00:00,644675714.7939754
2017-11-25 00:00:00,677327101.0766498
2017-11-26 00:00:00,183816238.4787574
2017-11-27 00:00:00,1100089826.5007603
2017-11-28 00:00:00,824886242.4418215
2017-11-29 00:00:00,3006736495.2808194
2017-11-30 00:00:00,2130663923.372405
2017-12-01 00:00:00,1589331512.9417427
2017-12-02 00:00:00,965994254.3562113
2017-12-03 00:00:00,592011274.2160677
2017-12-04 00:00:00,1283672891.399018
2017-12-05 00:00:00,999891969.54149
2017-12-06 00:00:00,1982715220.4509902
2017-12-07 00:00:00,4548758961.588786
2017-12-08 00:00:00,3800432531.580915
2017-12-09 00:00:00,2195860926.731846
2017-12-10 00:00:00,2539286892.7016764
2017-12-11 00:00:00,2487997751.019463
2017-12-12 00:00:00,1992977378.0013492
2017-12-13 00:00:00,2027550684.5009563
2017-12-14 00:00:00,610207126.6876411
2017-12-15 00:00:00,2066395216.5763328
2017-12-16 00:00:00,1636509991.671891
2017-12-17 00:00:00,1641066517.685792
2017-12-18 00:00:00,2021140821.0929716
2017-12-19 00:00:00,2215330000.929072
2017-12-20 00:00:00,2752775707.1146574
2017-12-21 00:00:00,1989091729.4332354
2017-12-22 00:00:00,5352015515.542298
2017-12-23 00:00:00,1967536506.4005926
2017-12-24 00:00:00,1798168177.648421
2017-12-25 00:00:00,1134112808.2412252
2017-12-26 00:00:00,1745062014.3506472
2017-12-27 00:00:00,1619268857.168229
2017-12-28 00:00:00,1883494461.4293745
2017-12-29 00:00:00,1274049463.7163732
2017-12-30 00:00:00,1728481566.8689675
2017-12-31 00:00:00,1142728354.646587
2018-01-01 00:00:00,744866630.5094119
2018-01-02 00:00:00,1567582731.903526
2018-01-03 00:00:00,1138506779.2035935
2018-01-04 00:00:00,1371803859.924131
2018-01-05 00:00:00,1764169571.11057
2018-01-06 00:00:00,1024721001.2487963
2018-01-07 00:00:00,946406884.7515358
2018-01-08 00:00:00,1742246003.5464456
2018-01-09 00:00:00,1182426648.294293
2018-01-10 00:00:00,1634548780.4014
2018-01-11 00:00:00,1663185737.5560942
2018-01-12 00:00:00,1014053986.1381412
2018-01-13 00:00:00,740504186.9595935
2018-01-14 00:00:00,804914641.6120825
2018-01-15 00:00:00,758546178.5825682
2018-01-16 00:00:00,2762626868.9217606
2018-01-17 00:00:00,2926596198.2111597
2018-01-18 00:00:00,1771113579.4696858
2018-01-19 00:00:00,1064413369.5978014
2018-01-20 00:00:00,1097313787.3573146
2018-01-21 00:00:00,436195518.92766696
2018-01-22 00:00:00,1210203940.8799615
2018-01-23 00:00:00,1305109027.9785473
